example_id,prompt_id,correct_0.0,correct_0.25,correct_0.5,correct_0.75,correct_1.0,correct_1.25,correct_1.5,correct_2.0
5aba6de555429955dce3ee1d,5aba6de555429955dce3ee1d::working_set_pack_a,False,False,False,False,False,False,False,False
5aba6de555429955dce3ee1d,5aba6de555429955dce3ee1d::active_set_pack_a,False,False,False,False,False,False,False,False
5aba6de555429955dce3ee1d,5aba6de555429955dce3ee1d::working_set_pack_b,True,True,True,True,False,False,False,True
5aba6de555429955dce3ee1d,5aba6de555429955dce3ee1d::active_set_pack_b,True,False,False,False,False,False,False,True
5ae0abf655429945ae95940d,5ae0abf655429945ae95940d::working_set_pack_a,True,True,True,True,True,True,True,True
5ae0abf655429945ae95940d,5ae0abf655429945ae95940d::active_set_pack_a,True,True,True,True,True,True,True,True
5ae0abf655429945ae95940d,5ae0abf655429945ae95940d::working_set_pack_b,True,True,True,True,True,True,True,True
5ae0abf655429945ae95940d,5ae0abf655429945ae95940d::active_set_pack_b,True,True,True,True,True,True,True,True
5a7ba64c5542995eb53be97b,5a7ba64c5542995eb53be97b::working_set_pack_a,True,False,False,False,False,False,False,False
5a7ba64c5542995eb53be97b,5a7ba64c5542995eb53be97b::active_set_pack_a,True,False,False,False,False,False,False,False
5a7ba64c5542995eb53be97b,5a7ba64c5542995eb53be97b::working_set_pack_b,True,True,True,True,False,False,False,False
5a7ba64c5542995eb53be97b,5a7ba64c5542995eb53be97b::active_set_pack_b,False,False,False,False,False,False,False,False
5a8f20d655429924144829dc,5a8f20d655429924144829dc::working_set_pack_a,False,True,True,True,True,True,True,True
5a8f20d655429924144829dc,5a8f20d655429924144829dc::active_set_pack_a,False,True,True,True,True,True,True,True
5a8f20d655429924144829dc,5a8f20d655429924144829dc::working_set_pack_b,False,True,True,True,True,True,True,True
5a8f20d655429924144829dc,5a8f20d655429924144829dc::active_set_pack_b,True,True,True,True,True,True,True,True
5ae70f035542991bbc9761b1,5ae70f035542991bbc9761b1::working_set_pack_a,False,False,False,False,True,True,True,True
5ae70f035542991bbc9761b1,5ae70f035542991bbc9761b1::active_set_pack_a,False,False,False,True,True,True,True,True
5ae70f035542991bbc9761b1,5ae70f035542991bbc9761b1::working_set_pack_b,False,False,True,True,True,True,True,True
5ae70f035542991bbc9761b1,5ae70f035542991bbc9761b1::active_set_pack_b,False,False,False,False,False,True,True,True
5ae0af9a5542993d6555ec17,5ae0af9a5542993d6555ec17::working_set_pack_a,False,False,False,False,False,False,False,False
5ae0af9a5542993d6555ec17,5ae0af9a5542993d6555ec17::active_set_pack_a,False,False,False,False,False,False,False,False
5ae0af9a5542993d6555ec17,5ae0af9a5542993d6555ec17::working_set_pack_b,False,False,False,False,False,False,False,False
5ae0af9a5542993d6555ec17,5ae0af9a5542993d6555ec17::active_set_pack_b,False,False,False,False,False,False,False,False
5a76b649554299373536017f,5a76b649554299373536017f::working_set_pack_a,True,True,True,True,True,True,True,True
5a76b649554299373536017f,5a76b649554299373536017f::active_set_pack_a,False,True,True,True,True,True,True,True
5a76b649554299373536017f,5a76b649554299373536017f::working_set_pack_b,False,True,True,True,True,True,True,True
5a76b649554299373536017f,5a76b649554299373536017f::active_set_pack_b,False,False,True,True,True,True,True,True
5a778e1b5542995d831811c5,5a778e1b5542995d831811c5::working_set_pack_a,False,True,True,True,True,True,True,True
5a778e1b5542995d831811c5,5a778e1b5542995d831811c5::active_set_pack_a,False,True,True,True,True,True,True,True
5a778e1b5542995d831811c5,5a778e1b5542995d831811c5::working_set_pack_b,False,True,True,True,True,True,True,True
5a778e1b5542995d831811c5,5a778e1b5542995d831811c5::active_set_pack_b,False,True,True,True,True,True,True,True
5a7a0d665542990783324e14,5a7a0d665542990783324e14::working_set_pack_a,False,True,True,True,True,True,True,True
5a7a0d665542990783324e14,5a7a0d665542990783324e14::active_set_pack_a,False,False,False,True,True,False,False,False
5a7a0d665542990783324e14,5a7a0d665542990783324e14::working_set_pack_b,False,True,True,True,True,True,True,True
5a7a0d665542990783324e14,5a7a0d665542990783324e14::active_set_pack_b,False,True,True,True,True,True,True,True
5a82411055429940e5e1a815,5a82411055429940e5e1a815::working_set_pack_a,False,False,False,False,False,False,False,False
5a82411055429940e5e1a815,5a82411055429940e5e1a815::active_set_pack_a,False,False,False,False,False,True,True,True
5a82411055429940e5e1a815,5a82411055429940e5e1a815::working_set_pack_b,True,False,False,False,False,False,False,False
5a82411055429940e5e1a815,5a82411055429940e5e1a815::active_set_pack_b,False,False,False,False,False,False,False,False
5a7c7a8f55429907fabeef9c,5a7c7a8f55429907fabeef9c::working_set_pack_a,True,True,True,True,True,True,True,True
5a7c7a8f55429907fabeef9c,5a7c7a8f55429907fabeef9c::active_set_pack_a,True,True,True,True,True,True,True,True
5a7c7a8f55429907fabeef9c,5a7c7a8f55429907fabeef9c::working_set_pack_b,True,True,True,True,True,True,True,True
5a7c7a8f55429907fabeef9c,5a7c7a8f55429907fabeef9c::active_set_pack_b,True,True,True,True,True,True,True,True
5a73589d55429901807dafd1,5a73589d55429901807dafd1::working_set_pack_a,True,True,True,True,True,True,True,True
5a73589d55429901807dafd1,5a73589d55429901807dafd1::active_set_pack_a,True,True,True,True,True,True,True,True
5a73589d55429901807dafd1,5a73589d55429901807dafd1::working_set_pack_b,True,True,True,True,True,True,True,True
5a73589d55429901807dafd1,5a73589d55429901807dafd1::active_set_pack_b,True,True,True,True,True,True,True,True
5add624c5542992200553adf,5add624c5542992200553adf::working_set_pack_a,False,False,False,False,True,True,True,True
5add624c5542992200553adf,5add624c5542992200553adf::active_set_pack_a,False,False,False,True,True,True,True,True
5add624c5542992200553adf,5add624c5542992200553adf::working_set_pack_b,False,False,False,False,False,False,False,False
5add624c5542992200553adf,5add624c5542992200553adf::active_set_pack_b,False,False,False,False,False,False,True,True
5ade14735542990dbb2f7f49,5ade14735542990dbb2f7f49::working_set_pack_a,True,True,True,True,True,True,True,True
5ade14735542990dbb2f7f49,5ade14735542990dbb2f7f49::active_set_pack_a,True,True,True,True,True,True,True,True
5ade14735542990dbb2f7f49,5ade14735542990dbb2f7f49::working_set_pack_b,True,True,True,True,True,True,True,True
5ade14735542990dbb2f7f49,5ade14735542990dbb2f7f49::active_set_pack_b,True,True,True,True,True,True,True,True
5ade18635542997c77aded3e,5ade18635542997c77aded3e::working_set_pack_a,False,False,False,False,False,False,False,False
5ade18635542997c77aded3e,5ade18635542997c77aded3e::active_set_pack_a,False,False,False,False,False,False,False,False
5ade18635542997c77aded3e,5ade18635542997c77aded3e::working_set_pack_b,False,False,False,False,False,False,False,False
5ade18635542997c77aded3e,5ade18635542997c77aded3e::active_set_pack_b,False,False,False,False,False,False,False,False
5ab1c5cb554299722f9b4c61,5ab1c5cb554299722f9b4c61::working_set_pack_a,False,False,True,True,True,True,True,True
5ab1c5cb554299722f9b4c61,5ab1c5cb554299722f9b4c61::active_set_pack_a,False,False,False,True,True,True,True,True
5ab1c5cb554299722f9b4c61,5ab1c5cb554299722f9b4c61::working_set_pack_b,False,False,False,True,True,True,True,True
5ab1c5cb554299722f9b4c61,5ab1c5cb554299722f9b4c61::active_set_pack_b,False,False,False,False,False,True,True,True
5ae73a195542991e8301cbfd,5ae73a195542991e8301cbfd::working_set_pack_a,False,True,True,True,True,True,True,True
5ae73a195542991e8301cbfd,5ae73a195542991e8301cbfd::active_set_pack_a,True,True,True,True,True,True,True,True
5ae73a195542991e8301cbfd,5ae73a195542991e8301cbfd::working_set_pack_b,False,False,True,True,True,True,True,True
5ae73a195542991e8301cbfd,5ae73a195542991e8301cbfd::active_set_pack_b,False,False,False,False,False,True,True,True
5ab55478554299488d4d993d,5ab55478554299488d4d993d::working_set_pack_a,True,True,True,True,True,True,True,True
5ab55478554299488d4d993d,5ab55478554299488d4d993d::active_set_pack_a,True,True,True,True,True,True,True,True
5ab55478554299488d4d993d,5ab55478554299488d4d993d::working_set_pack_b,True,True,True,True,True,True,True,True
5ab55478554299488d4d993d,5ab55478554299488d4d993d::active_set_pack_b,True,True,True,True,True,True,True,True
5ab373d6554299233954ff53,5ab373d6554299233954ff53::working_set_pack_a,False,False,False,False,False,False,False,False
5ab373d6554299233954ff53,5ab373d6554299233954ff53::active_set_pack_a,False,False,False,False,False,False,False,False
5ab373d6554299233954ff53,5ab373d6554299233954ff53::working_set_pack_b,False,False,False,False,False,False,False,False
5ab373d6554299233954ff53,5ab373d6554299233954ff53::active_set_pack_b,False,False,False,False,False,False,False,False
5a7a8dab554299042af8f66a,5a7a8dab554299042af8f66a::working_set_pack_a,False,False,False,False,False,False,False,False
5a7a8dab554299042af8f66a,5a7a8dab554299042af8f66a::active_set_pack_a,False,False,False,False,False,False,False,False
5a7a8dab554299042af8f66a,5a7a8dab554299042af8f66a::working_set_pack_b,False,False,False,False,False,False,False,True
5a7a8dab554299042af8f66a,5a7a8dab554299042af8f66a::active_set_pack_b,False,False,False,False,False,False,False,False
5ab3020e55429976abd1bc1a,5ab3020e55429976abd1bc1a::working_set_pack_a,False,False,False,False,False,False,False,True
5ab3020e55429976abd1bc1a,5ab3020e55429976abd1bc1a::active_set_pack_a,False,False,False,False,False,False,True,True
5ab3020e55429976abd1bc1a,5ab3020e55429976abd1bc1a::working_set_pack_b,False,False,False,False,False,False,False,False
5ab3020e55429976abd1bc1a,5ab3020e55429976abd1bc1a::active_set_pack_b,False,False,False,False,False,False,False,False
5ae726a1554299572ea54738,5ae726a1554299572ea54738::working_set_pack_a,True,True,True,True,True,False,False,True
5ae726a1554299572ea54738,5ae726a1554299572ea54738::active_set_pack_a,True,True,True,True,False,False,False,False
5ae726a1554299572ea54738,5ae726a1554299572ea54738::working_set_pack_b,True,True,True,True,True,True,True,True
5ae726a1554299572ea54738,5ae726a1554299572ea54738::active_set_pack_b,True,True,True,True,True,True,True,True
5a8b10c655429949d91db49c,5a8b10c655429949d91db49c::working_set_pack_a,False,True,True,True,True,True,True,True
5a8b10c655429949d91db49c,5a8b10c655429949d91db49c::active_set_pack_a,False,False,True,True,True,True,True,True
5a8b10c655429949d91db49c,5a8b10c655429949d91db49c::working_set_pack_b,False,True,True,True,True,True,True,True
5a8b10c655429949d91db49c,5a8b10c655429949d91db49c::active_set_pack_b,False,False,False,True,True,True,True,True
5ab3f9b95542992ade7c6f09,5ab3f9b95542992ade7c6f09::working_set_pack_a,True,False,False,False,False,False,False,False
5ab3f9b95542992ade7c6f09,5ab3f9b95542992ade7c6f09::active_set_pack_a,True,False,False,False,False,False,False,False
5ab3f9b95542992ade7c6f09,5ab3f9b95542992ade7c6f09::working_set_pack_b,True,False,False,False,False,False,False,False
5ab3f9b95542992ade7c6f09,5ab3f9b95542992ade7c6f09::active_set_pack_b,True,False,False,False,False,False,False,False
5ade45ed554299728e26c699,5ade45ed554299728e26c699::working_set_pack_a,True,True,True,True,True,True,True,True
5ade45ed554299728e26c699,5ade45ed554299728e26c699::active_set_pack_a,True,True,True,True,True,True,True,True
5ade45ed554299728e26c699,5ade45ed554299728e26c699::working_set_pack_b,True,True,True,True,True,True,True,True
5ade45ed554299728e26c699,5ade45ed554299728e26c699::active_set_pack_b,True,True,True,True,True,True,True,True
5adc432d55429944faac24a1,5adc432d55429944faac24a1::working_set_pack_a,False,False,False,False,False,False,False,False
5adc432d55429944faac24a1,5adc432d55429944faac24a1::active_set_pack_a,False,False,True,True,True,True,True,True
5adc432d55429944faac24a1,5adc432d55429944faac24a1::working_set_pack_b,False,False,False,False,False,False,False,False
5adc432d55429944faac24a1,5adc432d55429944faac24a1::active_set_pack_b,False,False,False,False,False,False,False,False
5adcf98255429947343537e9,5adcf98255429947343537e9::working_set_pack_a,True,False,False,False,False,False,False,False
5adcf98255429947343537e9,5adcf98255429947343537e9::active_set_pack_a,False,False,False,False,False,False,False,False
5adcf98255429947343537e9,5adcf98255429947343537e9::working_set_pack_b,True,True,True,True,False,False,False,False
5adcf98255429947343537e9,5adcf98255429947343537e9::active_set_pack_b,True,False,False,False,False,False,False,False
5ab285d0554299340b5254fa,5ab285d0554299340b5254fa::working_set_pack_a,False,False,False,False,False,False,False,True
5ab285d0554299340b5254fa,5ab285d0554299340b5254fa::active_set_pack_a,False,False,False,False,False,False,False,True
5ab285d0554299340b5254fa,5ab285d0554299340b5254fa::working_set_pack_b,False,False,False,False,False,False,False,False
5ab285d0554299340b5254fa,5ab285d0554299340b5254fa::active_set_pack_b,False,False,False,False,False,False,False,False
5a7317535542994cef4bc450,5a7317535542994cef4bc450::working_set_pack_a,False,True,True,True,True,True,True,True
5a7317535542994cef4bc450,5a7317535542994cef4bc450::active_set_pack_a,False,True,True,True,True,True,True,True
5a7317535542994cef4bc450,5a7317535542994cef4bc450::working_set_pack_b,False,True,True,True,True,True,True,True
5a7317535542994cef4bc450,5a7317535542994cef4bc450::active_set_pack_b,True,True,True,True,True,True,True,True
5a8d15b75542994ba4e3dbea,5a8d15b75542994ba4e3dbea::working_set_pack_a,True,False,False,False,False,False,False,False
5a8d15b75542994ba4e3dbea,5a8d15b75542994ba4e3dbea::active_set_pack_a,True,True,False,False,False,False,False,False
5a8d15b75542994ba4e3dbea,5a8d15b75542994ba4e3dbea::working_set_pack_b,True,True,False,False,False,False,False,False
5a8d15b75542994ba4e3dbea,5a8d15b75542994ba4e3dbea::active_set_pack_b,True,True,True,True,True,True,False,False
5a903a4855429933b8a204a9,5a903a4855429933b8a204a9::working_set_pack_a,True,True,True,True,True,True,True,True
5a903a4855429933b8a204a9,5a903a4855429933b8a204a9::active_set_pack_a,True,True,True,True,True,True,True,True
5a903a4855429933b8a204a9,5a903a4855429933b8a204a9::working_set_pack_b,True,True,True,True,True,True,True,True
5a903a4855429933b8a204a9,5a903a4855429933b8a204a9::active_set_pack_b,True,True,True,True,True,True,True,True
5abae247554299660624165c,5abae247554299660624165c::working_set_pack_a,True,True,True,True,True,True,True,True
5abae247554299660624165c,5abae247554299660624165c::active_set_pack_a,True,True,True,True,True,True,True,True
5abae247554299660624165c,5abae247554299660624165c::working_set_pack_b,True,True,True,True,True,True,True,True
5abae247554299660624165c,5abae247554299660624165c::active_set_pack_b,True,True,True,True,True,True,True,True
5a8113ca55429938b61422ab,5a8113ca55429938b61422ab::working_set_pack_a,False,False,True,True,True,True,True,True
5a8113ca55429938b61422ab,5a8113ca55429938b61422ab::active_set_pack_a,False,False,False,False,False,False,False,True
5a8113ca55429938b61422ab,5a8113ca55429938b61422ab::working_set_pack_b,False,False,False,False,False,False,False,False
5a8113ca55429938b61422ab,5a8113ca55429938b61422ab::active_set_pack_b,False,False,False,False,False,False,False,False
5abb1cc55542992ccd8e7f16,5abb1cc55542992ccd8e7f16::working_set_pack_a,False,True,True,True,True,True,True,True
5abb1cc55542992ccd8e7f16,5abb1cc55542992ccd8e7f16::active_set_pack_a,False,True,True,True,True,True,True,True
5abb1cc55542992ccd8e7f16,5abb1cc55542992ccd8e7f16::working_set_pack_b,False,True,True,True,True,True,True,True
5abb1cc55542992ccd8e7f16,5abb1cc55542992ccd8e7f16::active_set_pack_b,False,False,True,True,True,True,True,True
5a80df91554299260e20a198,5a80df91554299260e20a198::working_set_pack_a,False,True,True,True,True,True,True,True
5a80df91554299260e20a198,5a80df91554299260e20a198::active_set_pack_a,False,False,True,True,True,True,True,True
5a80df91554299260e20a198,5a80df91554299260e20a198::working_set_pack_b,False,True,True,True,True,True,True,True
5a80df91554299260e20a198,5a80df91554299260e20a198::active_set_pack_b,False,True,True,True,True,True,True,True
5a7d549f5542991319bc93ad,5a7d549f5542991319bc93ad::working_set_pack_a,True,True,True,True,True,True,True,True
5a7d549f5542991319bc93ad,5a7d549f5542991319bc93ad::active_set_pack_a,True,True,True,True,True,True,True,True
5a7d549f5542991319bc93ad,5a7d549f5542991319bc93ad::working_set_pack_b,False,True,True,True,True,True,True,True
5a7d549f5542991319bc93ad,5a7d549f5542991319bc93ad::active_set_pack_b,False,True,True,True,True,True,True,True
5ae68e9d55429908198fa60e,5ae68e9d55429908198fa60e::working_set_pack_a,False,False,False,False,False,False,False,False
5ae68e9d55429908198fa60e,5ae68e9d55429908198fa60e::active_set_pack_a,False,False,False,False,False,False,False,False
5ae68e9d55429908198fa60e,5ae68e9d55429908198fa60e::working_set_pack_b,False,False,False,False,False,False,False,False
5ae68e9d55429908198fa60e,5ae68e9d55429908198fa60e::active_set_pack_b,False,False,False,False,False,False,False,False
5a8285be55429966c78a6a41,5a8285be55429966c78a6a41::working_set_pack_a,True,True,True,True,True,True,True,True
5a8285be55429966c78a6a41,5a8285be55429966c78a6a41::active_set_pack_a,True,True,True,True,True,True,True,True
5a8285be55429966c78a6a41,5a8285be55429966c78a6a41::working_set_pack_b,False,True,True,True,True,True,True,True
5a8285be55429966c78a6a41,5a8285be55429966c78a6a41::active_set_pack_b,True,True,True,True,True,True,True,True
5a8e58cb5542990e94052ae0,5a8e58cb5542990e94052ae0::working_set_pack_a,False,False,False,False,False,False,False,False
5a8e58cb5542990e94052ae0,5a8e58cb5542990e94052ae0::active_set_pack_a,False,False,False,False,False,False,False,False
5a8e58cb5542990e94052ae0,5a8e58cb5542990e94052ae0::working_set_pack_b,False,False,False,False,False,False,False,False
5a8e58cb5542990e94052ae0,5a8e58cb5542990e94052ae0::active_set_pack_b,False,False,False,False,False,False,False,False
5a72d90d55429901807daf53,5a72d90d55429901807daf53::working_set_pack_a,False,False,False,False,False,False,True,True
5a72d90d55429901807daf53,5a72d90d55429901807daf53::active_set_pack_a,False,False,False,False,False,False,False,False
5a72d90d55429901807daf53,5a72d90d55429901807daf53::working_set_pack_b,False,False,False,False,True,True,True,True
5a72d90d55429901807daf53,5a72d90d55429901807daf53::active_set_pack_b,False,False,True,True,True,True,True,True
5ab6a327554299110f219a45,5ab6a327554299110f219a45::working_set_pack_a,False,False,False,False,False,False,False,False
5ab6a327554299110f219a45,5ab6a327554299110f219a45::active_set_pack_a,False,False,False,False,False,False,False,False
5ab6a327554299110f219a45,5ab6a327554299110f219a45::working_set_pack_b,False,False,False,False,False,False,False,False
5ab6a327554299110f219a45,5ab6a327554299110f219a45::active_set_pack_b,False,False,False,False,False,False,False,False
5adc0856554299438c868d0d,5adc0856554299438c868d0d::working_set_pack_a,True,True,True,True,True,True,True,True
5adc0856554299438c868d0d,5adc0856554299438c868d0d::active_set_pack_a,True,True,True,True,True,True,True,True
5adc0856554299438c868d0d,5adc0856554299438c868d0d::working_set_pack_b,True,True,True,True,True,True,True,True
5adc0856554299438c868d0d,5adc0856554299438c868d0d::active_set_pack_b,True,True,True,True,True,True,True,True
5a7fb04d55429969796c1b24,5a7fb04d55429969796c1b24::working_set_pack_a,False,False,False,False,True,True,True,True
5a7fb04d55429969796c1b24,5a7fb04d55429969796c1b24::active_set_pack_a,True,True,True,True,True,True,True,True
5a7fb04d55429969796c1b24,5a7fb04d55429969796c1b24::working_set_pack_b,True,True,True,True,True,True,True,True
5a7fb04d55429969796c1b24,5a7fb04d55429969796c1b24::active_set_pack_b,True,True,True,True,True,True,True,True
5a790e91554299078472779e,5a790e91554299078472779e::working_set_pack_a,False,False,False,False,False,False,False,False
5a790e91554299078472779e,5a790e91554299078472779e::active_set_pack_a,False,False,False,False,False,False,False,False
5a790e91554299078472779e,5a790e91554299078472779e::working_set_pack_b,False,False,False,False,False,False,False,False
5a790e91554299078472779e,5a790e91554299078472779e::active_set_pack_b,False,False,False,False,False,False,False,False
5a759ce25542996c70cfaf0e,5a759ce25542996c70cfaf0e::working_set_pack_a,False,False,False,False,False,True,True,True
5a759ce25542996c70cfaf0e,5a759ce25542996c70cfaf0e::active_set_pack_a,False,False,False,False,False,False,False,True
5a759ce25542996c70cfaf0e,5a759ce25542996c70cfaf0e::working_set_pack_b,False,False,False,False,False,True,True,True
5a759ce25542996c70cfaf0e,5a759ce25542996c70cfaf0e::active_set_pack_b,False,False,False,False,False,False,False,True
5ae3e9995542995dadf24247,5ae3e9995542995dadf24247::working_set_pack_a,True,True,True,True,True,True,True,True
5ae3e9995542995dadf24247,5ae3e9995542995dadf24247::active_set_pack_a,True,True,True,True,True,True,True,True
5ae3e9995542995dadf24247,5ae3e9995542995dadf24247::working_set_pack_b,True,True,True,True,True,True,True,True
5ae3e9995542995dadf24247,5ae3e9995542995dadf24247::active_set_pack_b,True,True,True,True,True,True,True,True
5a73668e55429901807db02e,5a73668e55429901807db02e::working_set_pack_a,False,False,False,False,True,True,True,True
5a73668e55429901807db02e,5a73668e55429901807db02e::active_set_pack_a,False,False,False,True,True,True,True,True
5a73668e55429901807db02e,5a73668e55429901807db02e::working_set_pack_b,False,False,False,False,True,True,True,True
5a73668e55429901807db02e,5a73668e55429901807db02e::active_set_pack_b,False,False,False,True,True,True,True,True
5a8ba093554299240d9c203f,5a8ba093554299240d9c203f::working_set_pack_a,True,False,False,True,True,True,True,True
5a8ba093554299240d9c203f,5a8ba093554299240d9c203f::active_set_pack_a,True,False,True,True,True,True,True,True
5a8ba093554299240d9c203f,5a8ba093554299240d9c203f::working_set_pack_b,True,True,True,True,True,True,True,True
5a8ba093554299240d9c203f,5a8ba093554299240d9c203f::active_set_pack_b,True,True,True,True,True,True,True,True
5ab6ea2955429954757d33b8,5ab6ea2955429954757d33b8::working_set_pack_a,False,False,False,False,False,False,False,True
5ab6ea2955429954757d33b8,5ab6ea2955429954757d33b8::active_set_pack_a,False,False,False,False,False,False,False,True
5ab6ea2955429954757d33b8,5ab6ea2955429954757d33b8::working_set_pack_b,False,False,False,False,False,False,False,False
5ab6ea2955429954757d33b8,5ab6ea2955429954757d33b8::active_set_pack_b,False,False,False,False,False,False,False,False
5ac04545554299294b218f6a,5ac04545554299294b218f6a::working_set_pack_a,True,True,True,True,True,True,True,True
5ac04545554299294b218f6a,5ac04545554299294b218f6a::active_set_pack_a,True,False,False,True,True,True,True,True
5ac04545554299294b218f6a,5ac04545554299294b218f6a::working_set_pack_b,True,False,False,False,False,True,True,False
5ac04545554299294b218f6a,5ac04545554299294b218f6a::active_set_pack_b,True,False,False,False,False,False,False,False
5abba5e75542992ccd8e7f64,5abba5e75542992ccd8e7f64::working_set_pack_a,True,True,True,True,True,True,True,True
5abba5e75542992ccd8e7f64,5abba5e75542992ccd8e7f64::active_set_pack_a,True,True,True,True,True,True,True,True
5abba5e75542992ccd8e7f64,5abba5e75542992ccd8e7f64::working_set_pack_b,True,True,True,True,True,True,True,True
5abba5e75542992ccd8e7f64,5abba5e75542992ccd8e7f64::active_set_pack_b,True,True,True,True,True,True,True,True
5a764234554299109176e6e6,5a764234554299109176e6e6::working_set_pack_a,True,True,True,True,True,True,True,True
5a764234554299109176e6e6,5a764234554299109176e6e6::active_set_pack_a,True,True,True,True,True,True,True,True
5a764234554299109176e6e6,5a764234554299109176e6e6::working_set_pack_b,True,True,True,True,True,True,True,True
5a764234554299109176e6e6,5a764234554299109176e6e6::active_set_pack_b,True,True,True,True,True,True,True,True
5a8b21cb55429971feec4647,5a8b21cb55429971feec4647::working_set_pack_a,False,True,True,True,True,True,True,True
5a8b21cb55429971feec4647,5a8b21cb55429971feec4647::active_set_pack_a,False,True,True,True,True,True,True,True
5a8b21cb55429971feec4647,5a8b21cb55429971feec4647::working_set_pack_b,False,True,True,True,True,True,True,True
5a8b21cb55429971feec4647,5a8b21cb55429971feec4647::active_set_pack_b,False,True,True,True,True,True,True,True
5a8e8fc75542990e94052b57,5a8e8fc75542990e94052b57::working_set_pack_a,False,False,False,False,False,False,False,False
5a8e8fc75542990e94052b57,5a8e8fc75542990e94052b57::active_set_pack_a,False,False,False,False,False,False,False,False
5a8e8fc75542990e94052b57,5a8e8fc75542990e94052b57::working_set_pack_b,True,True,True,True,True,False,False,False
5a8e8fc75542990e94052b57,5a8e8fc75542990e94052b57::active_set_pack_b,False,False,False,False,False,False,False,False
5ae1d33a554299492dc91b9d,5ae1d33a554299492dc91b9d::working_set_pack_a,False,False,False,False,False,False,False,False
5ae1d33a554299492dc91b9d,5ae1d33a554299492dc91b9d::active_set_pack_a,False,False,False,False,False,False,False,False
5ae1d33a554299492dc91b9d,5ae1d33a554299492dc91b9d::working_set_pack_b,False,False,False,False,False,False,False,False
5ae1d33a554299492dc91b9d,5ae1d33a554299492dc91b9d::active_set_pack_b,False,False,False,False,False,False,False,False
5a81e73f554299676cceb14d,5a81e73f554299676cceb14d::working_set_pack_a,True,True,True,True,True,True,True,True
5a81e73f554299676cceb14d,5a81e73f554299676cceb14d::active_set_pack_a,True,True,True,True,True,True,True,True
5a81e73f554299676cceb14d,5a81e73f554299676cceb14d::working_set_pack_b,True,True,True,True,True,True,True,True
5a81e73f554299676cceb14d,5a81e73f554299676cceb14d::active_set_pack_b,True,True,True,True,True,True,True,True
5ae8256355429952e35eaa59,5ae8256355429952e35eaa59::working_set_pack_a,False,False,False,True,True,True,True,True
5ae8256355429952e35eaa59,5ae8256355429952e35eaa59::active_set_pack_a,False,False,True,True,True,True,True,True
5ae8256355429952e35eaa59,5ae8256355429952e35eaa59::working_set_pack_b,False,False,False,False,True,True,True,True
5ae8256355429952e35eaa59,5ae8256355429952e35eaa59::active_set_pack_b,False,False,True,True,True,True,True,True
5a827a9f55429940e5e1a8cf,5a827a9f55429940e5e1a8cf::working_set_pack_a,False,True,True,True,True,True,True,True
5a827a9f55429940e5e1a8cf,5a827a9f55429940e5e1a8cf::active_set_pack_a,False,True,True,True,True,True,True,True
5a827a9f55429940e5e1a8cf,5a827a9f55429940e5e1a8cf::working_set_pack_b,False,True,True,True,True,True,True,True
5a827a9f55429940e5e1a8cf,5a827a9f55429940e5e1a8cf::active_set_pack_b,False,True,True,True,True,True,True,True
5a8d32ae5542994ba4e3dc1d,5a8d32ae5542994ba4e3dc1d::working_set_pack_a,False,False,False,False,False,False,False,False
5a8d32ae5542994ba4e3dc1d,5a8d32ae5542994ba4e3dc1d::active_set_pack_a,False,False,False,False,False,False,False,False
5a8d32ae5542994ba4e3dc1d,5a8d32ae5542994ba4e3dc1d::working_set_pack_b,False,False,False,False,False,False,False,False
5a8d32ae5542994ba4e3dc1d,5a8d32ae5542994ba4e3dc1d::active_set_pack_b,False,False,False,False,False,False,False,False
5a8634195542991e771815ba,5a8634195542991e771815ba::working_set_pack_a,False,True,True,True,True,True,True,False
5a8634195542991e771815ba,5a8634195542991e771815ba::active_set_pack_a,False,False,True,True,True,False,False,False
5a8634195542991e771815ba,5a8634195542991e771815ba::working_set_pack_b,False,False,False,False,False,False,False,False
5a8634195542991e771815ba,5a8634195542991e771815ba::active_set_pack_b,False,False,False,True,True,False,False,False
5ae1fc135542997283cd2309,5ae1fc135542997283cd2309::working_set_pack_a,False,False,False,False,False,False,False,False
5ae1fc135542997283cd2309,5ae1fc135542997283cd2309::active_set_pack_a,False,False,False,False,False,False,False,False
5ae1fc135542997283cd2309,5ae1fc135542997283cd2309::working_set_pack_b,False,False,False,False,False,False,False,False
5ae1fc135542997283cd2309,5ae1fc135542997283cd2309::active_set_pack_b,False,False,False,False,False,False,False,False
5a8844135542994846c1ce77,5a8844135542994846c1ce77::working_set_pack_a,False,False,False,False,False,False,False,False
5a8844135542994846c1ce77,5a8844135542994846c1ce77::active_set_pack_a,False,False,False,False,False,False,False,False
5a8844135542994846c1ce77,5a8844135542994846c1ce77::working_set_pack_b,False,False,False,False,False,False,False,False
5a8844135542994846c1ce77,5a8844135542994846c1ce77::active_set_pack_b,False,False,False,False,False,False,False,False
5ac0d9e55542992a796ded92,5ac0d9e55542992a796ded92::working_set_pack_a,False,False,False,False,False,False,False,False
5ac0d9e55542992a796ded92,5ac0d9e55542992a796ded92::active_set_pack_a,False,False,False,False,False,False,False,False
5ac0d9e55542992a796ded92,5ac0d9e55542992a796ded92::working_set_pack_b,False,True,True,True,True,True,True,True
5ac0d9e55542992a796ded92,5ac0d9e55542992a796ded92::active_set_pack_b,False,False,True,True,True,True,True,True
5a8a30ad5542992d82986eec,5a8a30ad5542992d82986eec::working_set_pack_a,False,False,False,False,False,False,False,False
5a8a30ad5542992d82986eec,5a8a30ad5542992d82986eec::active_set_pack_a,False,False,False,False,False,False,False,False
5a8a30ad5542992d82986eec,5a8a30ad5542992d82986eec::working_set_pack_b,False,False,False,False,False,False,False,False
5a8a30ad5542992d82986eec,5a8a30ad5542992d82986eec::active_set_pack_b,False,False,False,False,False,False,False,False
5a8deeb455429917b4a5bce2,5a8deeb455429917b4a5bce2::working_set_pack_a,False,False,False,False,False,False,False,False
5a8deeb455429917b4a5bce2,5a8deeb455429917b4a5bce2::active_set_pack_a,False,False,False,False,False,False,False,False
5a8deeb455429917b4a5bce2,5a8deeb455429917b4a5bce2::working_set_pack_b,False,False,False,False,False,False,False,False
5a8deeb455429917b4a5bce2,5a8deeb455429917b4a5bce2::active_set_pack_b,False,False,False,False,False,True,True,False
5a73035d5542992359bc31fd,5a73035d5542992359bc31fd::working_set_pack_a,True,True,True,True,True,True,True,True
5a73035d5542992359bc31fd,5a73035d5542992359bc31fd::active_set_pack_a,True,True,True,True,True,True,True,True
5a73035d5542992359bc31fd,5a73035d5542992359bc31fd::working_set_pack_b,True,True,True,True,True,True,True,True
5a73035d5542992359bc31fd,5a73035d5542992359bc31fd::active_set_pack_b,True,True,True,True,True,True,True,True
5ade4b7f55429939a52fe877,5ade4b7f55429939a52fe877::working_set_pack_a,True,True,True,True,True,True,True,True
5ade4b7f55429939a52fe877,5ade4b7f55429939a52fe877::active_set_pack_a,False,True,True,True,True,True,False,True
5ade4b7f55429939a52fe877,5ade4b7f55429939a52fe877::working_set_pack_b,False,True,True,True,True,True,True,True
5ade4b7f55429939a52fe877,5ade4b7f55429939a52fe877::active_set_pack_b,False,True,True,True,True,True,True,False
5a7bc8b1554299294a54aad0,5a7bc8b1554299294a54aad0::working_set_pack_a,True,True,True,True,True,True,True,True
5a7bc8b1554299294a54aad0,5a7bc8b1554299294a54aad0::active_set_pack_a,True,True,True,True,True,True,True,True
5a7bc8b1554299294a54aad0,5a7bc8b1554299294a54aad0::working_set_pack_b,True,True,True,True,True,True,True,True
5a7bc8b1554299294a54aad0,5a7bc8b1554299294a54aad0::active_set_pack_b,True,True,True,True,True,True,True,True
5abc2e3d554299114383a0f6,5abc2e3d554299114383a0f6::working_set_pack_a,True,True,True,True,True,False,False,False
5abc2e3d554299114383a0f6,5abc2e3d554299114383a0f6::active_set_pack_a,True,True,False,False,False,True,True,True
5abc2e3d554299114383a0f6,5abc2e3d554299114383a0f6::working_set_pack_b,True,True,True,True,True,True,True,True
5abc2e3d554299114383a0f6,5abc2e3d554299114383a0f6::active_set_pack_b,True,True,True,False,False,False,False,False
5a7929cf554299029c4b5f12,5a7929cf554299029c4b5f12::working_set_pack_a,True,True,True,True,True,True,True,True
5a7929cf554299029c4b5f12,5a7929cf554299029c4b5f12::active_set_pack_a,True,True,True,True,True,True,True,True
5a7929cf554299029c4b5f12,5a7929cf554299029c4b5f12::working_set_pack_b,True,True,True,True,True,True,True,True
5a7929cf554299029c4b5f12,5a7929cf554299029c4b5f12::active_set_pack_b,True,True,True,True,True,True,True,True
5ab964ae5542996be20204c0,5ab964ae5542996be20204c0::working_set_pack_a,False,False,False,False,False,False,False,False
5ab964ae5542996be20204c0,5ab964ae5542996be20204c0::active_set_pack_a,False,False,False,False,False,False,False,False
5ab964ae5542996be20204c0,5ab964ae5542996be20204c0::working_set_pack_b,False,False,False,False,False,False,False,False
5ab964ae5542996be20204c0,5ab964ae5542996be20204c0::active_set_pack_b,False,False,False,False,False,False,False,False
5add44235542995b365faae2,5add44235542995b365faae2::working_set_pack_a,False,True,True,True,True,True,True,True
5add44235542995b365faae2,5add44235542995b365faae2::active_set_pack_a,False,True,True,True,True,True,True,True
5add44235542995b365faae2,5add44235542995b365faae2::working_set_pack_b,False,True,True,True,True,True,True,True
5add44235542995b365faae2,5add44235542995b365faae2::active_set_pack_b,False,True,True,True,True,True,True,True
5a8a662755429930ff3c0dc5,5a8a662755429930ff3c0dc5::working_set_pack_a,False,False,False,False,False,False,False,False
5a8a662755429930ff3c0dc5,5a8a662755429930ff3c0dc5::active_set_pack_a,False,False,False,False,False,False,False,False
5a8a662755429930ff3c0dc5,5a8a662755429930ff3c0dc5::working_set_pack_b,False,False,False,False,False,False,False,False
5a8a662755429930ff3c0dc5,5a8a662755429930ff3c0dc5::active_set_pack_b,False,False,False,False,False,False,False,False
5ae750175542997b22f6a6b6,5ae750175542997b22f6a6b6::working_set_pack_a,True,True,True,True,True,True,True,True
5ae750175542997b22f6a6b6,5ae750175542997b22f6a6b6::active_set_pack_a,True,True,True,True,True,True,True,True
5ae750175542997b22f6a6b6,5ae750175542997b22f6a6b6::working_set_pack_b,True,True,True,True,True,True,True,True
5ae750175542997b22f6a6b6,5ae750175542997b22f6a6b6::active_set_pack_b,True,True,True,True,True,True,True,True
5a7794525542995d831811f3,5a7794525542995d831811f3::working_set_pack_a,False,False,False,False,False,False,False,False
5a7794525542995d831811f3,5a7794525542995d831811f3::active_set_pack_a,False,False,False,False,False,False,False,False
5a7794525542995d831811f3,5a7794525542995d831811f3::working_set_pack_b,False,False,False,False,False,False,False,False
5a7794525542995d831811f3,5a7794525542995d831811f3::active_set_pack_b,False,False,False,False,False,False,False,False
5ab542875542997d4ad1f0e1,5ab542875542997d4ad1f0e1::working_set_pack_a,True,False,False,False,False,False,False,False
5ab542875542997d4ad1f0e1,5ab542875542997d4ad1f0e1::active_set_pack_a,False,False,False,False,False,False,False,False
5ab542875542997d4ad1f0e1,5ab542875542997d4ad1f0e1::working_set_pack_b,False,False,False,False,False,False,False,False
5ab542875542997d4ad1f0e1,5ab542875542997d4ad1f0e1::active_set_pack_b,False,False,False,False,False,False,False,False
5ae1c9ea5542997f29b3c103,5ae1c9ea5542997f29b3c103::working_set_pack_a,True,True,True,True,True,True,True,True
5ae1c9ea5542997f29b3c103,5ae1c9ea5542997f29b3c103::active_set_pack_a,False,True,True,True,True,True,True,True
5ae1c9ea5542997f29b3c103,5ae1c9ea5542997f29b3c103::working_set_pack_b,True,True,True,True,True,True,True,True
5ae1c9ea5542997f29b3c103,5ae1c9ea5542997f29b3c103::active_set_pack_b,False,True,True,True,True,True,True,True
5ab61c7f554299710c8d1e64,5ab61c7f554299710c8d1e64::working_set_pack_a,False,False,True,True,True,True,True,True
5ab61c7f554299710c8d1e64,5ab61c7f554299710c8d1e64::active_set_pack_a,False,True,True,True,True,True,True,True
5ab61c7f554299710c8d1e64,5ab61c7f554299710c8d1e64::working_set_pack_b,False,False,True,True,True,True,True,True
5ab61c7f554299710c8d1e64,5ab61c7f554299710c8d1e64::active_set_pack_b,False,False,False,True,True,True,True,True
5a88b8e755429946c8d6e899,5a88b8e755429946c8d6e899::working_set_pack_a,False,False,True,True,True,True,True,True
5a88b8e755429946c8d6e899,5a88b8e755429946c8d6e899::active_set_pack_a,False,False,True,True,True,True,True,True
5a88b8e755429946c8d6e899,5a88b8e755429946c8d6e899::working_set_pack_b,False,False,False,False,False,False,False,True
5a88b8e755429946c8d6e899,5a88b8e755429946c8d6e899::active_set_pack_b,False,False,False,False,False,True,True,True
5ac3de5c5542995c82c4ac68,5ac3de5c5542995c82c4ac68::working_set_pack_a,True,True,True,True,True,True,True,True
5ac3de5c5542995c82c4ac68,5ac3de5c5542995c82c4ac68::active_set_pack_a,True,True,True,True,True,True,True,True
5ac3de5c5542995c82c4ac68,5ac3de5c5542995c82c4ac68::working_set_pack_b,True,True,True,True,True,True,True,True
5ac3de5c5542995c82c4ac68,5ac3de5c5542995c82c4ac68::active_set_pack_b,True,True,True,True,True,True,True,True
5aba7995554299232ef4a2e2,5aba7995554299232ef4a2e2::working_set_pack_a,False,False,False,False,False,False,False,False
5aba7995554299232ef4a2e2,5aba7995554299232ef4a2e2::active_set_pack_a,False,False,False,False,False,False,False,False
5aba7995554299232ef4a2e2,5aba7995554299232ef4a2e2::working_set_pack_b,False,False,False,False,False,False,False,False
5aba7995554299232ef4a2e2,5aba7995554299232ef4a2e2::active_set_pack_b,False,False,False,False,False,False,False,False
5a7db8d95542995ed0d16665,5a7db8d95542995ed0d16665::working_set_pack_a,True,True,True,True,True,True,True,True
5a7db8d95542995ed0d16665,5a7db8d95542995ed0d16665::active_set_pack_a,True,True,True,True,True,True,True,True
5a7db8d95542995ed0d16665,5a7db8d95542995ed0d16665::working_set_pack_b,True,True,True,True,True,True,True,True
5a7db8d95542995ed0d16665,5a7db8d95542995ed0d16665::active_set_pack_b,True,True,True,True,True,True,True,True
5ab488f85542990594ba9c58,5ab488f85542990594ba9c58::working_set_pack_a,False,False,False,False,False,True,True,True
5ab488f85542990594ba9c58,5ab488f85542990594ba9c58::active_set_pack_a,False,False,False,True,True,True,True,True
5ab488f85542990594ba9c58,5ab488f85542990594ba9c58::working_set_pack_b,False,False,False,False,False,True,True,True
5ab488f85542990594ba9c58,5ab488f85542990594ba9c58::active_set_pack_b,False,False,False,False,False,False,True,True
5a82a59855429940e5e1a909,5a82a59855429940e5e1a909::working_set_pack_a,True,True,True,True,True,True,True,True
5a82a59855429940e5e1a909,5a82a59855429940e5e1a909::active_set_pack_a,True,True,True,True,True,True,True,True
5a82a59855429940e5e1a909,5a82a59855429940e5e1a909::working_set_pack_b,True,True,True,True,True,True,True,True
5a82a59855429940e5e1a909,5a82a59855429940e5e1a909::active_set_pack_b,True,True,True,True,True,True,True,True
5a7e8a9c55429949594199fb,5a7e8a9c55429949594199fb::working_set_pack_a,True,True,True,True,True,True,True,True
5a7e8a9c55429949594199fb,5a7e8a9c55429949594199fb::active_set_pack_a,False,True,True,True,True,True,True,True
5a7e8a9c55429949594199fb,5a7e8a9c55429949594199fb::working_set_pack_b,True,True,True,True,True,True,True,True
5a7e8a9c55429949594199fb,5a7e8a9c55429949594199fb::active_set_pack_b,False,True,True,True,True,True,True,True
5a8c94a25542995e66a47628,5a8c94a25542995e66a47628::working_set_pack_a,False,False,False,False,False,False,False,False
5a8c94a25542995e66a47628,5a8c94a25542995e66a47628::active_set_pack_a,False,False,False,False,False,False,False,False
5a8c94a25542995e66a47628,5a8c94a25542995e66a47628::working_set_pack_b,False,False,False,False,False,False,False,False
5a8c94a25542995e66a47628,5a8c94a25542995e66a47628::active_set_pack_b,False,False,False,False,False,False,False,False
5a7cbb6d554299452d57b9d2,5a7cbb6d554299452d57b9d2::working_set_pack_a,False,False,False,False,False,False,False,False
5a7cbb6d554299452d57b9d2,5a7cbb6d554299452d57b9d2::active_set_pack_a,False,False,False,False,False,False,False,False
5a7cbb6d554299452d57b9d2,5a7cbb6d554299452d57b9d2::working_set_pack_b,False,False,False,False,False,False,False,False
5a7cbb6d554299452d57b9d2,5a7cbb6d554299452d57b9d2::active_set_pack_b,False,False,False,False,False,False,False,False
5ac2ac4d554299218029daf1,5ac2ac4d554299218029daf1::working_set_pack_a,True,True,True,True,True,True,True,True
5ac2ac4d554299218029daf1,5ac2ac4d554299218029daf1::active_set_pack_a,True,True,True,True,True,True,True,True
5ac2ac4d554299218029daf1,5ac2ac4d554299218029daf1::working_set_pack_b,True,True,True,True,True,True,True,True
5ac2ac4d554299218029daf1,5ac2ac4d554299218029daf1::active_set_pack_b,True,True,True,True,True,True,True,True
5a832ee355429954d2e2ec4d,5a832ee355429954d2e2ec4d::working_set_pack_a,True,True,True,True,True,True,True,True
5a832ee355429954d2e2ec4d,5a832ee355429954d2e2ec4d::active_set_pack_a,False,True,True,True,True,True,True,True
5a832ee355429954d2e2ec4d,5a832ee355429954d2e2ec4d::working_set_pack_b,False,True,True,True,True,True,True,True
5a832ee355429954d2e2ec4d,5a832ee355429954d2e2ec4d::active_set_pack_b,False,False,True,True,True,True,True,True
5abf82965542997719eab694,5abf82965542997719eab694::working_set_pack_a,False,False,True,True,True,True,True,True
5abf82965542997719eab694,5abf82965542997719eab694::active_set_pack_a,True,True,True,True,True,True,True,True
5abf82965542997719eab694,5abf82965542997719eab694::working_set_pack_b,False,True,True,True,True,True,True,True
5abf82965542997719eab694,5abf82965542997719eab694::active_set_pack_b,True,True,True,True,True,True,True,True
5a76c13555429937353601a0,5a76c13555429937353601a0::working_set_pack_a,False,True,True,True,True,True,True,True
5a76c13555429937353601a0,5a76c13555429937353601a0::active_set_pack_a,False,True,True,True,True,True,True,True
5a76c13555429937353601a0,5a76c13555429937353601a0::working_set_pack_b,False,True,True,True,True,True,True,True
5a76c13555429937353601a0,5a76c13555429937353601a0::active_set_pack_b,False,True,True,True,True,True,True,True
5adecc6355429975fa854f9c,5adecc6355429975fa854f9c::working_set_pack_a,True,True,True,True,True,True,True,True
5adecc6355429975fa854f9c,5adecc6355429975fa854f9c::active_set_pack_a,True,True,True,True,True,True,True,True
5adecc6355429975fa854f9c,5adecc6355429975fa854f9c::working_set_pack_b,True,True,True,True,True,True,True,True
5adecc6355429975fa854f9c,5adecc6355429975fa854f9c::active_set_pack_b,True,True,True,True,True,True,True,True
5abb89fc5542993f40c73b19,5abb89fc5542993f40c73b19::working_set_pack_a,False,False,False,False,False,False,False,False
5abb89fc5542993f40c73b19,5abb89fc5542993f40c73b19::active_set_pack_a,False,False,False,False,False,False,False,False
5abb89fc5542993f40c73b19,5abb89fc5542993f40c73b19::working_set_pack_b,False,False,False,False,False,False,False,False
5abb89fc5542993f40c73b19,5abb89fc5542993f40c73b19::active_set_pack_b,False,False,False,False,False,False,False,False
5aba8f7b55429901930fa832,5aba8f7b55429901930fa832::working_set_pack_a,False,False,False,False,False,True,False,True
5aba8f7b55429901930fa832,5aba8f7b55429901930fa832::active_set_pack_a,False,False,False,False,False,False,False,False
5aba8f7b55429901930fa832,5aba8f7b55429901930fa832::working_set_pack_b,False,False,False,False,False,False,False,False
5aba8f7b55429901930fa832,5aba8f7b55429901930fa832::active_set_pack_b,True,True,True,True,True,False,True,True
5ab413e55542996a3a969f1b,5ab413e55542996a3a969f1b::working_set_pack_a,True,True,True,True,True,True,True,True
5ab413e55542996a3a969f1b,5ab413e55542996a3a969f1b::active_set_pack_a,True,True,True,True,True,True,True,True
5ab413e55542996a3a969f1b,5ab413e55542996a3a969f1b::working_set_pack_b,True,True,True,True,True,True,True,True
5ab413e55542996a3a969f1b,5ab413e55542996a3a969f1b::active_set_pack_b,True,True,True,True,True,True,True,True
5a721dff55429971e9dc928c,5a721dff55429971e9dc928c::working_set_pack_a,False,False,False,False,False,False,False,False
5a721dff55429971e9dc928c,5a721dff55429971e9dc928c::active_set_pack_a,False,False,False,False,False,False,False,False
5a721dff55429971e9dc928c,5a721dff55429971e9dc928c::working_set_pack_b,False,False,False,False,False,False,False,False
5a721dff55429971e9dc928c,5a721dff55429971e9dc928c::active_set_pack_b,False,False,False,False,False,False,False,False
5ab395c4554299233954ff5a,5ab395c4554299233954ff5a::working_set_pack_a,True,True,True,True,True,True,True,True
5ab395c4554299233954ff5a,5ab395c4554299233954ff5a::active_set_pack_a,True,True,True,True,True,True,True,True
5ab395c4554299233954ff5a,5ab395c4554299233954ff5a::working_set_pack_b,True,True,True,True,True,True,True,True
5ab395c4554299233954ff5a,5ab395c4554299233954ff5a::active_set_pack_b,True,True,True,True,True,True,True,True
5ae33c6b5542992f92d82263,5ae33c6b5542992f92d82263::working_set_pack_a,True,True,True,True,True,True,True,True
5ae33c6b5542992f92d82263,5ae33c6b5542992f92d82263::active_set_pack_a,True,True,True,True,True,True,True,True
5ae33c6b5542992f92d82263,5ae33c6b5542992f92d82263::working_set_pack_b,True,True,True,True,True,True,True,True
5ae33c6b5542992f92d82263,5ae33c6b5542992f92d82263::active_set_pack_b,True,True,True,True,True,True,True,True
5ae2aa155542996483e64a23,5ae2aa155542996483e64a23::working_set_pack_a,True,True,True,True,True,True,True,True
5ae2aa155542996483e64a23,5ae2aa155542996483e64a23::active_set_pack_a,True,True,True,True,True,True,True,True
5ae2aa155542996483e64a23,5ae2aa155542996483e64a23::working_set_pack_b,True,True,True,False,False,False,True,True
5ae2aa155542996483e64a23,5ae2aa155542996483e64a23::active_set_pack_b,True,True,True,True,True,True,True,True
5ab8a17955429916710eb09e,5ab8a17955429916710eb09e::working_set_pack_a,True,True,True,True,True,True,True,True
5ab8a17955429916710eb09e,5ab8a17955429916710eb09e::active_set_pack_a,True,False,False,True,True,True,True,True
5ab8a17955429916710eb09e,5ab8a17955429916710eb09e::working_set_pack_b,True,True,False,False,False,True,True,True
5ab8a17955429916710eb09e,5ab8a17955429916710eb09e::active_set_pack_b,True,True,True,True,True,True,True,True
5a7bb84d554299294a54aaa1,5a7bb84d554299294a54aaa1::working_set_pack_a,True,True,True,True,True,True,True,True
5a7bb84d554299294a54aaa1,5a7bb84d554299294a54aaa1::active_set_pack_a,True,True,True,True,True,True,True,True
5a7bb84d554299294a54aaa1,5a7bb84d554299294a54aaa1::working_set_pack_b,True,True,True,True,True,True,True,True
5a7bb84d554299294a54aaa1,5a7bb84d554299294a54aaa1::active_set_pack_b,True,True,True,True,True,True,True,True
5adf97ae5542995534e8c800,5adf97ae5542995534e8c800::working_set_pack_a,False,False,False,False,False,False,False,False
5adf97ae5542995534e8c800,5adf97ae5542995534e8c800::active_set_pack_a,False,False,False,False,False,False,False,False
5adf97ae5542995534e8c800,5adf97ae5542995534e8c800::working_set_pack_b,True,True,True,False,False,False,False,False
5adf97ae5542995534e8c800,5adf97ae5542995534e8c800::active_set_pack_b,False,False,False,False,False,False,False,False
5ac3231a5542995ef918c11a,5ac3231a5542995ef918c11a::working_set_pack_a,True,True,True,True,True,True,True,True
5ac3231a5542995ef918c11a,5ac3231a5542995ef918c11a::active_set_pack_a,True,True,True,True,True,True,True,True
5ac3231a5542995ef918c11a,5ac3231a5542995ef918c11a::working_set_pack_b,True,True,True,True,True,True,True,True
5ac3231a5542995ef918c11a,5ac3231a5542995ef918c11a::active_set_pack_b,True,True,True,True,True,True,True,True
5a760de1554299109176e63c,5a760de1554299109176e63c::working_set_pack_a,True,True,True,True,True,True,True,True
5a760de1554299109176e63c,5a760de1554299109176e63c::active_set_pack_a,True,True,True,True,True,True,True,True
5a760de1554299109176e63c,5a760de1554299109176e63c::working_set_pack_b,False,True,True,True,True,True,True,True
5a760de1554299109176e63c,5a760de1554299109176e63c::active_set_pack_b,False,True,True,True,True,True,True,True
5ab31d43554299233954ff0e,5ab31d43554299233954ff0e::working_set_pack_a,False,False,False,False,False,False,False,True
5ab31d43554299233954ff0e,5ab31d43554299233954ff0e::active_set_pack_a,False,False,False,False,False,False,True,True
5ab31d43554299233954ff0e,5ab31d43554299233954ff0e::working_set_pack_b,False,False,False,False,False,False,False,False
5ab31d43554299233954ff0e,5ab31d43554299233954ff0e::active_set_pack_b,False,False,False,False,False,False,False,False
5ab4330b55429942dd415edc,5ab4330b55429942dd415edc::working_set_pack_a,False,False,False,False,False,False,False,False
5ab4330b55429942dd415edc,5ab4330b55429942dd415edc::active_set_pack_a,False,False,False,False,False,False,False,False
5ab4330b55429942dd415edc,5ab4330b55429942dd415edc::working_set_pack_b,False,False,False,False,False,False,False,False
5ab4330b55429942dd415edc,5ab4330b55429942dd415edc::active_set_pack_b,False,False,False,False,False,False,False,False
5a7626bd554299109176e678,5a7626bd554299109176e678::working_set_pack_a,False,False,False,False,True,True,True,True
5a7626bd554299109176e678,5a7626bd554299109176e678::active_set_pack_a,False,False,False,False,True,True,True,True
5a7626bd554299109176e678,5a7626bd554299109176e678::working_set_pack_b,False,False,False,True,True,True,True,True
5a7626bd554299109176e678,5a7626bd554299109176e678::active_set_pack_b,False,False,False,True,True,True,True,True
5a7150665542994082a3e7bb,5a7150665542994082a3e7bb::working_set_pack_a,False,False,False,False,False,False,False,False
5a7150665542994082a3e7bb,5a7150665542994082a3e7bb::active_set_pack_a,False,False,False,False,False,True,True,True
5a7150665542994082a3e7bb,5a7150665542994082a3e7bb::working_set_pack_b,False,False,False,False,False,False,False,False
5a7150665542994082a3e7bb,5a7150665542994082a3e7bb::active_set_pack_b,False,False,False,False,False,False,False,False
5abe96e15542993f32c2a172,5abe96e15542993f32c2a172::working_set_pack_a,False,False,False,False,False,False,False,False
5abe96e15542993f32c2a172,5abe96e15542993f32c2a172::active_set_pack_a,False,False,False,False,False,False,False,False
5abe96e15542993f32c2a172,5abe96e15542993f32c2a172::working_set_pack_b,False,False,False,False,False,False,False,False
5abe96e15542993f32c2a172,5abe96e15542993f32c2a172::active_set_pack_b,False,False,False,False,False,False,False,False
5a8b3d1855429949d91db4fe,5a8b3d1855429949d91db4fe::working_set_pack_a,False,False,False,False,False,False,False,False
5a8b3d1855429949d91db4fe,5a8b3d1855429949d91db4fe::active_set_pack_a,False,False,False,False,False,False,False,False
5a8b3d1855429949d91db4fe,5a8b3d1855429949d91db4fe::working_set_pack_b,False,False,False,False,False,False,False,False
5a8b3d1855429949d91db4fe,5a8b3d1855429949d91db4fe::active_set_pack_b,False,False,False,False,False,False,False,False
5a804d725542995d8a8ddf60,5a804d725542995d8a8ddf60::working_set_pack_a,False,True,True,True,True,True,True,True
5a804d725542995d8a8ddf60,5a804d725542995d8a8ddf60::active_set_pack_a,False,True,True,True,True,True,True,True
5a804d725542995d8a8ddf60,5a804d725542995d8a8ddf60::working_set_pack_b,True,True,True,True,True,True,True,True
5a804d725542995d8a8ddf60,5a804d725542995d8a8ddf60::active_set_pack_b,False,False,True,True,True,True,True,True
5ab30cc755429976abd1bc3a,5ab30cc755429976abd1bc3a::working_set_pack_a,False,False,False,False,False,False,False,False
5ab30cc755429976abd1bc3a,5ab30cc755429976abd1bc3a::active_set_pack_a,False,False,False,False,False,False,False,False
5ab30cc755429976abd1bc3a,5ab30cc755429976abd1bc3a::working_set_pack_b,False,False,False,False,False,False,False,False
5ab30cc755429976abd1bc3a,5ab30cc755429976abd1bc3a::active_set_pack_b,False,False,False,False,False,False,False,False
5a89eca455429946c8d6ea11,5a89eca455429946c8d6ea11::working_set_pack_a,True,True,True,True,True,True,True,True
5a89eca455429946c8d6ea11,5a89eca455429946c8d6ea11::active_set_pack_a,True,True,True,True,True,True,True,True
5a89eca455429946c8d6ea11,5a89eca455429946c8d6ea11::working_set_pack_b,True,True,True,True,True,True,True,True
5a89eca455429946c8d6ea11,5a89eca455429946c8d6ea11::active_set_pack_b,True,True,True,True,True,True,True,True
5abaf3385542996cc5e49f2f,5abaf3385542996cc5e49f2f::working_set_pack_a,False,False,False,False,False,False,False,False
5abaf3385542996cc5e49f2f,5abaf3385542996cc5e49f2f::active_set_pack_a,False,False,False,False,False,False,False,False
5abaf3385542996cc5e49f2f,5abaf3385542996cc5e49f2f::working_set_pack_b,False,False,False,False,False,False,False,False
5abaf3385542996cc5e49f2f,5abaf3385542996cc5e49f2f::active_set_pack_b,False,False,False,False,False,False,False,False
5ae55c2b5542992663a4f1e4,5ae55c2b5542992663a4f1e4::working_set_pack_a,True,True,True,True,True,True,True,True
5ae55c2b5542992663a4f1e4,5ae55c2b5542992663a4f1e4::active_set_pack_a,True,True,True,True,True,True,True,True
5ae55c2b5542992663a4f1e4,5ae55c2b5542992663a4f1e4::working_set_pack_b,True,True,True,True,True,True,True,True
5ae55c2b5542992663a4f1e4,5ae55c2b5542992663a4f1e4::active_set_pack_b,True,True,True,True,True,True,True,True
5a8ce61555429941ae14df36,5a8ce61555429941ae14df36::working_set_pack_a,False,False,False,False,True,True,True,True
5a8ce61555429941ae14df36,5a8ce61555429941ae14df36::active_set_pack_a,False,False,False,False,True,True,True,True
5a8ce61555429941ae14df36,5a8ce61555429941ae14df36::working_set_pack_b,False,False,False,False,False,False,False,False
5a8ce61555429941ae14df36,5a8ce61555429941ae14df36::active_set_pack_b,False,False,False,False,False,False,True,True
5aba8365554299232ef4a319,5aba8365554299232ef4a319::working_set_pack_a,False,False,True,True,True,True,True,True
5aba8365554299232ef4a319,5aba8365554299232ef4a319::active_set_pack_a,False,False,False,False,False,False,False,False
5aba8365554299232ef4a319,5aba8365554299232ef4a319::working_set_pack_b,False,False,True,True,True,True,False,False
5aba8365554299232ef4a319,5aba8365554299232ef4a319::active_set_pack_b,False,False,True,True,True,True,True,True
5abcff77554299700f9d794f,5abcff77554299700f9d794f::working_set_pack_a,True,True,True,True,True,True,True,True
5abcff77554299700f9d794f,5abcff77554299700f9d794f::active_set_pack_a,True,True,True,True,True,True,True,True
5abcff77554299700f9d794f,5abcff77554299700f9d794f::working_set_pack_b,False,True,True,True,True,True,True,True
5abcff77554299700f9d794f,5abcff77554299700f9d794f::active_set_pack_b,False,True,True,True,True,True,True,True
5ab56b71554299637185c586,5ab56b71554299637185c586::working_set_pack_a,True,True,True,True,True,True,True,True
5ab56b71554299637185c586,5ab56b71554299637185c586::active_set_pack_a,True,True,True,True,True,True,True,True
5ab56b71554299637185c586,5ab56b71554299637185c586::working_set_pack_b,True,True,True,True,True,True,True,True
5ab56b71554299637185c586,5ab56b71554299637185c586::active_set_pack_b,True,True,True,True,True,True,True,True
5a7ea5125542994959419a40,5a7ea5125542994959419a40::working_set_pack_a,True,True,True,True,True,True,True,False
5a7ea5125542994959419a40,5a7ea5125542994959419a40::active_set_pack_a,True,True,True,True,True,True,True,False
5a7ea5125542994959419a40,5a7ea5125542994959419a40::working_set_pack_b,True,True,True,True,True,True,True,True
5a7ea5125542994959419a40,5a7ea5125542994959419a40::active_set_pack_b,True,True,True,True,True,True,True,True
5ab90c2655429916710eb0ed,5ab90c2655429916710eb0ed::working_set_pack_a,True,True,True,True,True,True,True,True
5ab90c2655429916710eb0ed,5ab90c2655429916710eb0ed::active_set_pack_a,True,True,True,True,True,True,True,True
5ab90c2655429916710eb0ed,5ab90c2655429916710eb0ed::working_set_pack_b,True,True,True,True,True,True,True,True
5ab90c2655429916710eb0ed,5ab90c2655429916710eb0ed::active_set_pack_b,True,True,True,True,True,True,True,True
5abc2d7755429959677d6a29,5abc2d7755429959677d6a29::working_set_pack_a,False,False,False,False,False,False,False,False
5abc2d7755429959677d6a29,5abc2d7755429959677d6a29::active_set_pack_a,False,False,False,False,False,False,False,False
5abc2d7755429959677d6a29,5abc2d7755429959677d6a29::working_set_pack_b,False,False,False,False,False,False,False,False
5abc2d7755429959677d6a29,5abc2d7755429959677d6a29::active_set_pack_b,False,False,False,False,False,False,False,False
5a83143655429954d2e2ec0a,5a83143655429954d2e2ec0a::working_set_pack_a,False,False,False,False,False,False,False,False
5a83143655429954d2e2ec0a,5a83143655429954d2e2ec0a::active_set_pack_a,False,False,False,False,False,False,False,False
5a83143655429954d2e2ec0a,5a83143655429954d2e2ec0a::working_set_pack_b,False,False,False,False,False,False,False,False
5a83143655429954d2e2ec0a,5a83143655429954d2e2ec0a::active_set_pack_b,False,False,False,False,False,False,False,False
5ab691c5554299710c8d1ed3,5ab691c5554299710c8d1ed3::working_set_pack_a,False,False,False,True,True,True,True,True
5ab691c5554299710c8d1ed3,5ab691c5554299710c8d1ed3::active_set_pack_a,False,False,False,True,True,True,True,True
5ab691c5554299710c8d1ed3,5ab691c5554299710c8d1ed3::working_set_pack_b,False,False,False,False,False,False,False,False
5ab691c5554299710c8d1ed3,5ab691c5554299710c8d1ed3::active_set_pack_b,False,True,True,True,True,True,True,True
5a7528e75542996c70cfaea0,5a7528e75542996c70cfaea0::working_set_pack_a,False,False,True,True,True,True,True,True
5a7528e75542996c70cfaea0,5a7528e75542996c70cfaea0::active_set_pack_a,False,True,True,True,True,True,True,True
5a7528e75542996c70cfaea0,5a7528e75542996c70cfaea0::working_set_pack_b,False,False,False,False,True,True,True,False
5a7528e75542996c70cfaea0,5a7528e75542996c70cfaea0::active_set_pack_b,False,False,False,False,False,False,False,False
5ab4280b554299233955003a,5ab4280b554299233955003a::working_set_pack_a,True,False,False,False,False,False,False,False
5ab4280b554299233955003a,5ab4280b554299233955003a::active_set_pack_a,True,False,False,False,False,False,False,False
5ab4280b554299233955003a,5ab4280b554299233955003a::working_set_pack_b,True,True,True,True,False,False,False,False
5ab4280b554299233955003a,5ab4280b554299233955003a::active_set_pack_b,True,True,False,False,False,False,False,False
5ae3916d5542994393b9e708,5ae3916d5542994393b9e708::working_set_pack_a,True,True,True,True,True,True,True,True
5ae3916d5542994393b9e708,5ae3916d5542994393b9e708::active_set_pack_a,True,False,False,False,True,True,True,True
5ae3916d5542994393b9e708,5ae3916d5542994393b9e708::working_set_pack_b,True,True,True,True,True,True,True,True
5ae3916d5542994393b9e708,5ae3916d5542994393b9e708::active_set_pack_b,True,True,True,True,True,True,True,True
5adc32805542994650320cad,5adc32805542994650320cad::working_set_pack_a,False,False,False,False,False,False,False,False
5adc32805542994650320cad,5adc32805542994650320cad::active_set_pack_a,False,False,False,False,False,False,False,False
5adc32805542994650320cad,5adc32805542994650320cad::working_set_pack_b,True,True,True,True,True,True,True,True
5adc32805542994650320cad,5adc32805542994650320cad::active_set_pack_b,True,True,False,False,False,False,False,False
5a7a1bb25542996a35c170d2,5a7a1bb25542996a35c170d2::working_set_pack_a,False,False,False,False,False,False,False,False
5a7a1bb25542996a35c170d2,5a7a1bb25542996a35c170d2::active_set_pack_a,False,False,False,False,False,False,False,False
5a7a1bb25542996a35c170d2,5a7a1bb25542996a35c170d2::working_set_pack_b,False,False,False,False,False,False,False,False
5a7a1bb25542996a35c170d2,5a7a1bb25542996a35c170d2::active_set_pack_b,False,False,False,False,False,False,False,False
5adc36475542996e685252e1,5adc36475542996e685252e1::working_set_pack_a,False,False,False,False,False,False,False,False
5adc36475542996e685252e1,5adc36475542996e685252e1::active_set_pack_a,False,False,False,False,False,False,False,False
5adc36475542996e685252e1,5adc36475542996e685252e1::working_set_pack_b,False,False,False,False,False,False,False,False
5adc36475542996e685252e1,5adc36475542996e685252e1::active_set_pack_b,False,False,False,False,False,False,False,False
5a7af39755429931da12c99d,5a7af39755429931da12c99d::working_set_pack_a,True,True,False,False,False,False,False,False
5a7af39755429931da12c99d,5a7af39755429931da12c99d::active_set_pack_a,True,True,False,False,False,False,False,False
5a7af39755429931da12c99d,5a7af39755429931da12c99d::working_set_pack_b,True,False,False,False,False,False,False,False
5a7af39755429931da12c99d,5a7af39755429931da12c99d::active_set_pack_b,True,True,False,False,False,False,False,False
5ade2af055429939a52fe84b,5ade2af055429939a52fe84b::working_set_pack_a,True,True,True,True,True,True,True,True
5ade2af055429939a52fe84b,5ade2af055429939a52fe84b::active_set_pack_a,True,True,True,True,True,True,True,True
5ade2af055429939a52fe84b,5ade2af055429939a52fe84b::working_set_pack_b,True,True,True,True,True,True,True,True
5ade2af055429939a52fe84b,5ade2af055429939a52fe84b::active_set_pack_b,True,True,True,True,True,True,True,True
5ab907c555429916710eb0e3,5ab907c555429916710eb0e3::working_set_pack_a,False,True,True,True,True,True,True,True
5ab907c555429916710eb0e3,5ab907c555429916710eb0e3::active_set_pack_a,False,True,True,True,True,True,True,True
5ab907c555429916710eb0e3,5ab907c555429916710eb0e3::working_set_pack_b,False,True,True,True,True,True,True,True
5ab907c555429916710eb0e3,5ab907c555429916710eb0e3::active_set_pack_b,False,True,True,True,True,True,True,True
5a73630855429901807db021,5a73630855429901807db021::working_set_pack_a,False,False,True,True,True,True,True,True
5a73630855429901807db021,5a73630855429901807db021::active_set_pack_a,False,False,False,True,True,True,True,True
5a73630855429901807db021,5a73630855429901807db021::working_set_pack_b,False,False,False,False,False,False,False,True
5a73630855429901807db021,5a73630855429901807db021::active_set_pack_b,False,False,False,False,False,False,False,False
5abae0265542996cc5e49ec3,5abae0265542996cc5e49ec3::working_set_pack_a,False,True,True,True,True,True,True,True
5abae0265542996cc5e49ec3,5abae0265542996cc5e49ec3::active_set_pack_a,False,False,True,True,True,True,True,True
5abae0265542996cc5e49ec3,5abae0265542996cc5e49ec3::working_set_pack_b,False,True,True,True,True,True,True,True
5abae0265542996cc5e49ec3,5abae0265542996cc5e49ec3::active_set_pack_b,False,True,True,True,True,True,True,True
5ae061705542993d6555eb26,5ae061705542993d6555eb26::working_set_pack_a,True,True,True,True,False,False,False,False
5ae061705542993d6555eb26,5ae061705542993d6555eb26::active_set_pack_a,True,True,True,True,False,False,False,False
5ae061705542993d6555eb26,5ae061705542993d6555eb26::working_set_pack_b,True,True,False,False,False,False,False,False
5ae061705542993d6555eb26,5ae061705542993d6555eb26::active_set_pack_b,True,True,False,False,False,False,False,True
5a835bb5554299123d8c2102,5a835bb5554299123d8c2102::working_set_pack_a,True,True,True,True,True,True,True,True
5a835bb5554299123d8c2102,5a835bb5554299123d8c2102::active_set_pack_a,True,True,True,True,True,True,True,True
5a835bb5554299123d8c2102,5a835bb5554299123d8c2102::working_set_pack_b,True,True,True,True,True,True,True,True
5a835bb5554299123d8c2102,5a835bb5554299123d8c2102::active_set_pack_b,True,True,True,True,True,True,True,True
5ae05c3155429924de1b70b0,5ae05c3155429924de1b70b0::working_set_pack_a,True,True,True,True,True,True,True,True
5ae05c3155429924de1b70b0,5ae05c3155429924de1b70b0::active_set_pack_a,True,True,True,True,True,True,True,True
5ae05c3155429924de1b70b0,5ae05c3155429924de1b70b0::working_set_pack_b,True,True,True,True,True,True,True,True
5ae05c3155429924de1b70b0,5ae05c3155429924de1b70b0::active_set_pack_b,True,True,True,True,True,True,True,True
5ae225fb554299234fd043f8,5ae225fb554299234fd043f8::working_set_pack_a,True,True,True,True,True,True,True,True
5ae225fb554299234fd043f8,5ae225fb554299234fd043f8::active_set_pack_a,True,True,True,True,True,True,True,True
5ae225fb554299234fd043f8,5ae225fb554299234fd043f8::working_set_pack_b,True,True,True,True,True,True,True,True
5ae225fb554299234fd043f8,5ae225fb554299234fd043f8::active_set_pack_b,True,True,True,True,True,True,True,True
5ae513225542993aec5ec12e,5ae513225542993aec5ec12e::working_set_pack_a,False,True,True,True,False,False,False,False
5ae513225542993aec5ec12e,5ae513225542993aec5ec12e::active_set_pack_a,False,True,True,True,True,True,True,True
5ae513225542993aec5ec12e,5ae513225542993aec5ec12e::working_set_pack_b,False,True,False,False,False,False,False,False
5ae513225542993aec5ec12e,5ae513225542993aec5ec12e::active_set_pack_b,False,True,True,False,False,False,False,False
5abd0749554299700f9d796f,5abd0749554299700f9d796f::working_set_pack_a,False,True,True,True,True,True,True,True
5abd0749554299700f9d796f,5abd0749554299700f9d796f::active_set_pack_a,False,True,True,True,True,True,True,True
5abd0749554299700f9d796f,5abd0749554299700f9d796f::working_set_pack_b,False,True,True,True,True,True,True,True
5abd0749554299700f9d796f,5abd0749554299700f9d796f::active_set_pack_b,False,True,True,True,True,True,True,True
5a8a28505542996c9b8d5e22,5a8a28505542996c9b8d5e22::working_set_pack_a,False,True,True,True,True,True,True,False
5a8a28505542996c9b8d5e22,5a8a28505542996c9b8d5e22::active_set_pack_a,True,True,True,True,False,False,False,False
5a8a28505542996c9b8d5e22,5a8a28505542996c9b8d5e22::working_set_pack_b,False,True,True,True,True,True,True,True
5a8a28505542996c9b8d5e22,5a8a28505542996c9b8d5e22::active_set_pack_b,True,True,True,True,True,True,True,True
5a727bb95542991f9a20c48d,5a727bb95542991f9a20c48d::working_set_pack_a,False,False,False,False,False,False,False,False
5a727bb95542991f9a20c48d,5a727bb95542991f9a20c48d::active_set_pack_a,False,False,False,False,False,False,False,False
5a727bb95542991f9a20c48d,5a727bb95542991f9a20c48d::working_set_pack_b,False,False,False,False,False,False,False,False
5a727bb95542991f9a20c48d,5a727bb95542991f9a20c48d::active_set_pack_b,False,False,False,False,False,False,False,False
5ae754725542995703ce8bf2,5ae754725542995703ce8bf2::working_set_pack_a,True,True,True,True,True,True,True,True
5ae754725542995703ce8bf2,5ae754725542995703ce8bf2::active_set_pack_a,True,True,True,True,True,True,True,True
5ae754725542995703ce8bf2,5ae754725542995703ce8bf2::working_set_pack_b,True,True,True,True,True,True,True,True
5ae754725542995703ce8bf2,5ae754725542995703ce8bf2::active_set_pack_b,True,True,True,True,True,True,True,True
5a740aa955429974ef308ba3,5a740aa955429974ef308ba3::working_set_pack_a,False,False,False,True,True,True,True,True
5a740aa955429974ef308ba3,5a740aa955429974ef308ba3::active_set_pack_a,False,False,False,True,True,True,True,True
5a740aa955429974ef308ba3,5a740aa955429974ef308ba3::working_set_pack_b,False,False,False,True,False,False,False,False
5a740aa955429974ef308ba3,5a740aa955429974ef308ba3::active_set_pack_b,False,False,True,True,True,True,True,True
5ae331f955429928c423966f,5ae331f955429928c423966f::working_set_pack_a,True,True,True,True,True,True,True,True
5ae331f955429928c423966f,5ae331f955429928c423966f::active_set_pack_a,True,True,True,True,True,True,True,True
5ae331f955429928c423966f,5ae331f955429928c423966f::working_set_pack_b,True,True,True,True,True,True,True,True
5ae331f955429928c423966f,5ae331f955429928c423966f::active_set_pack_b,True,True,True,True,True,True,True,True
5ade4e43554299728e26c6bb,5ade4e43554299728e26c6bb::working_set_pack_a,False,True,True,True,True,True,True,True
5ade4e43554299728e26c6bb,5ade4e43554299728e26c6bb::active_set_pack_a,False,True,True,True,True,True,True,True
5ade4e43554299728e26c6bb,5ade4e43554299728e26c6bb::working_set_pack_b,False,False,False,True,True,True,True,True
5ade4e43554299728e26c6bb,5ade4e43554299728e26c6bb::active_set_pack_b,False,True,True,True,True,True,True,True
5ac25c4a55429951e9e6857f,5ac25c4a55429951e9e6857f::working_set_pack_a,False,False,False,False,False,False,False,True
5ac25c4a55429951e9e6857f,5ac25c4a55429951e9e6857f::active_set_pack_a,False,False,False,False,False,False,False,False
5ac25c4a55429951e9e6857f,5ac25c4a55429951e9e6857f::working_set_pack_b,False,False,False,False,False,False,False,False
5ac25c4a55429951e9e6857f,5ac25c4a55429951e9e6857f::active_set_pack_b,False,False,False,False,False,False,False,False
5ae79c2b5542993210983eae,5ae79c2b5542993210983eae::working_set_pack_a,False,False,True,True,True,True,True,True
5ae79c2b5542993210983eae,5ae79c2b5542993210983eae::active_set_pack_a,False,True,True,True,True,True,True,True
5ae79c2b5542993210983eae,5ae79c2b5542993210983eae::working_set_pack_b,True,True,True,True,True,True,True,True
5ae79c2b5542993210983eae,5ae79c2b5542993210983eae::active_set_pack_b,True,True,True,True,True,True,True,True
5a73e07655429905862fe0ea,5a73e07655429905862fe0ea::working_set_pack_a,False,False,False,False,False,False,False,False
5a73e07655429905862fe0ea,5a73e07655429905862fe0ea::active_set_pack_a,False,False,False,False,False,False,False,False
5a73e07655429905862fe0ea,5a73e07655429905862fe0ea::working_set_pack_b,False,False,False,False,False,False,False,False
5a73e07655429905862fe0ea,5a73e07655429905862fe0ea::active_set_pack_b,False,False,False,False,False,False,False,False
5a8885b4554299206df2b2e4,5a8885b4554299206df2b2e4::working_set_pack_a,False,False,False,False,False,False,False,True
5a8885b4554299206df2b2e4,5a8885b4554299206df2b2e4::active_set_pack_a,False,False,False,False,False,False,False,False
5a8885b4554299206df2b2e4,5a8885b4554299206df2b2e4::working_set_pack_b,False,False,False,False,False,False,False,False
5a8885b4554299206df2b2e4,5a8885b4554299206df2b2e4::active_set_pack_b,False,False,False,False,False,False,False,False
5a7d20b055429909bec76973,5a7d20b055429909bec76973::working_set_pack_a,False,False,False,False,False,False,False,True
5a7d20b055429909bec76973,5a7d20b055429909bec76973::active_set_pack_a,False,False,False,False,False,False,False,True
5a7d20b055429909bec76973,5a7d20b055429909bec76973::working_set_pack_b,False,False,False,False,False,False,False,True
5a7d20b055429909bec76973,5a7d20b055429909bec76973::active_set_pack_b,False,False,False,False,False,False,False,True
5a793e77554299029c4b5f36,5a793e77554299029c4b5f36::working_set_pack_a,False,True,True,True,True,True,True,True
5a793e77554299029c4b5f36,5a793e77554299029c4b5f36::active_set_pack_a,True,True,True,True,True,True,True,True
5a793e77554299029c4b5f36,5a793e77554299029c4b5f36::working_set_pack_b,False,True,True,True,True,True,True,True
5a793e77554299029c4b5f36,5a793e77554299029c4b5f36::active_set_pack_b,False,True,True,True,True,True,True,True
5a8906515542993b751ca8f0,5a8906515542993b751ca8f0::working_set_pack_a,False,False,False,False,False,False,True,True
5a8906515542993b751ca8f0,5a8906515542993b751ca8f0::active_set_pack_a,False,False,True,True,True,True,True,True
5a8906515542993b751ca8f0,5a8906515542993b751ca8f0::working_set_pack_b,False,False,False,False,False,False,False,False
5a8906515542993b751ca8f0,5a8906515542993b751ca8f0::active_set_pack_b,False,False,True,True,True,True,True,True
5adf6abe5542993344016c8c,5adf6abe5542993344016c8c::working_set_pack_a,False,False,False,False,False,False,False,False
5adf6abe5542993344016c8c,5adf6abe5542993344016c8c::active_set_pack_a,False,False,False,False,False,False,False,False
5adf6abe5542993344016c8c,5adf6abe5542993344016c8c::working_set_pack_b,False,False,False,False,False,False,False,False
5adf6abe5542993344016c8c,5adf6abe5542993344016c8c::active_set_pack_b,False,False,False,False,False,False,False,False
5ab51c455542990594ba9d0a,5ab51c455542990594ba9d0a::working_set_pack_a,True,True,True,True,True,True,True,True
5ab51c455542990594ba9d0a,5ab51c455542990594ba9d0a::active_set_pack_a,True,True,True,True,True,True,True,True
5ab51c455542990594ba9d0a,5ab51c455542990594ba9d0a::working_set_pack_b,True,True,True,True,True,True,True,True
5ab51c455542990594ba9d0a,5ab51c455542990594ba9d0a::active_set_pack_b,True,True,True,True,True,True,True,True
5ae12f915542997b2ef7d11f,5ae12f915542997b2ef7d11f::working_set_pack_a,True,True,True,True,True,True,True,True
5ae12f915542997b2ef7d11f,5ae12f915542997b2ef7d11f::active_set_pack_a,True,True,True,True,True,True,True,True
5ae12f915542997b2ef7d11f,5ae12f915542997b2ef7d11f::working_set_pack_b,True,True,True,True,True,True,True,True
5ae12f915542997b2ef7d11f,5ae12f915542997b2ef7d11f::active_set_pack_b,True,True,True,True,True,True,True,True
5adbdb8955429944faac2389,5adbdb8955429944faac2389::working_set_pack_a,False,True,True,True,True,True,True,True
5adbdb8955429944faac2389,5adbdb8955429944faac2389::active_set_pack_a,False,True,True,True,True,True,True,True
5adbdb8955429944faac2389,5adbdb8955429944faac2389::working_set_pack_b,False,True,True,True,True,True,True,True
5adbdb8955429944faac2389,5adbdb8955429944faac2389::active_set_pack_b,False,True,True,True,True,True,True,True
5a74a7bf55429929fddd8494,5a74a7bf55429929fddd8494::working_set_pack_a,False,False,False,False,False,False,False,False
5a74a7bf55429929fddd8494,5a74a7bf55429929fddd8494::active_set_pack_a,False,False,False,False,False,False,False,False
5a74a7bf55429929fddd8494,5a74a7bf55429929fddd8494::working_set_pack_b,False,False,False,False,False,False,False,False
5a74a7bf55429929fddd8494,5a74a7bf55429929fddd8494::active_set_pack_b,False,False,False,False,False,False,False,False
5a89a59555429946c8d6e97e,5a89a59555429946c8d6e97e::working_set_pack_a,True,True,True,True,True,True,True,True
5a89a59555429946c8d6e97e,5a89a59555429946c8d6e97e::active_set_pack_a,True,True,True,True,True,True,True,True
5a89a59555429946c8d6e97e,5a89a59555429946c8d6e97e::working_set_pack_b,True,True,True,True,True,True,True,True
5a89a59555429946c8d6e97e,5a89a59555429946c8d6e97e::active_set_pack_b,True,True,True,True,True,True,True,True
5abe37295542993f32c2a090,5abe37295542993f32c2a090::working_set_pack_a,True,True,True,True,True,True,True,True
5abe37295542993f32c2a090,5abe37295542993f32c2a090::active_set_pack_a,True,True,True,True,True,True,True,True
5abe37295542993f32c2a090,5abe37295542993f32c2a090::working_set_pack_b,True,True,True,True,True,True,True,True
5abe37295542993f32c2a090,5abe37295542993f32c2a090::active_set_pack_b,True,True,True,True,True,True,True,True
5adf54605542993a75d264c6,5adf54605542993a75d264c6::working_set_pack_a,False,True,True,True,True,True,True,True
5adf54605542993a75d264c6,5adf54605542993a75d264c6::active_set_pack_a,False,True,True,True,True,True,True,True
5adf54605542993a75d264c6,5adf54605542993a75d264c6::working_set_pack_b,False,True,True,True,True,True,True,True
5adf54605542993a75d264c6,5adf54605542993a75d264c6::active_set_pack_b,False,True,True,True,True,True,True,True
5a7792435542995d831811e4,5a7792435542995d831811e4::working_set_pack_a,False,False,False,False,False,False,False,False
5a7792435542995d831811e4,5a7792435542995d831811e4::active_set_pack_a,False,False,False,False,False,False,False,True
5a7792435542995d831811e4,5a7792435542995d831811e4::working_set_pack_b,False,False,False,False,False,False,False,False
5a7792435542995d831811e4,5a7792435542995d831811e4::active_set_pack_b,False,False,False,False,False,False,False,False
5a8a481a55429930ff3c0d5a,5a8a481a55429930ff3c0d5a::working_set_pack_a,False,True,True,True,True,True,True,True
5a8a481a55429930ff3c0d5a,5a8a481a55429930ff3c0d5a::active_set_pack_a,False,True,True,True,True,True,True,True
5a8a481a55429930ff3c0d5a,5a8a481a55429930ff3c0d5a::working_set_pack_b,False,False,True,True,True,True,True,True
5a8a481a55429930ff3c0d5a,5a8a481a55429930ff3c0d5a::active_set_pack_b,False,True,True,True,True,True,True,True
5ac269a455429951e9e685aa,5ac269a455429951e9e685aa::working_set_pack_a,True,True,True,True,True,True,True,True
5ac269a455429951e9e685aa,5ac269a455429951e9e685aa::active_set_pack_a,True,True,True,True,True,True,True,True
5ac269a455429951e9e685aa,5ac269a455429951e9e685aa::working_set_pack_b,False,True,True,True,True,True,True,True
5ac269a455429951e9e685aa,5ac269a455429951e9e685aa::active_set_pack_b,False,True,True,True,True,True,True,True
5a7cd27e55429909bec76827,5a7cd27e55429909bec76827::working_set_pack_a,True,False,False,False,False,False,False,False
5a7cd27e55429909bec76827,5a7cd27e55429909bec76827::active_set_pack_a,False,False,False,False,False,False,False,False
5a7cd27e55429909bec76827,5a7cd27e55429909bec76827::working_set_pack_b,True,False,False,False,False,False,False,False
5a7cd27e55429909bec76827,5a7cd27e55429909bec76827::active_set_pack_b,False,False,False,False,False,False,False,False
5adbf5e255429947ff17386c,5adbf5e255429947ff17386c::working_set_pack_a,False,True,True,True,True,True,True,True
5adbf5e255429947ff17386c,5adbf5e255429947ff17386c::active_set_pack_a,False,True,True,True,True,True,True,True
5adbf5e255429947ff17386c,5adbf5e255429947ff17386c::working_set_pack_b,False,True,True,True,True,True,True,True
5adbf5e255429947ff17386c,5adbf5e255429947ff17386c::active_set_pack_b,False,False,True,True,True,True,True,True
5a764341554299109176e6e9,5a764341554299109176e6e9::working_set_pack_a,False,False,False,False,False,False,False,False
5a764341554299109176e6e9,5a764341554299109176e6e9::active_set_pack_a,False,False,False,False,False,False,False,False
5a764341554299109176e6e9,5a764341554299109176e6e9::working_set_pack_b,False,False,False,False,False,False,False,False
5a764341554299109176e6e9,5a764341554299109176e6e9::active_set_pack_b,False,False,False,False,False,False,False,False
5a7ded525542990b8f503af2,5a7ded525542990b8f503af2::working_set_pack_a,True,True,True,True,True,True,True,True
5a7ded525542990b8f503af2,5a7ded525542990b8f503af2::active_set_pack_a,True,True,True,True,True,True,True,True
5a7ded525542990b8f503af2,5a7ded525542990b8f503af2::working_set_pack_b,True,True,True,True,True,True,True,True
5a7ded525542990b8f503af2,5a7ded525542990b8f503af2::active_set_pack_b,True,True,True,True,True,True,True,True
5ae3aebf5542992f92d8233d,5ae3aebf5542992f92d8233d::working_set_pack_a,True,False,False,False,False,False,False,True
5ae3aebf5542992f92d8233d,5ae3aebf5542992f92d8233d::active_set_pack_a,False,False,False,False,False,True,True,True
5ae3aebf5542992f92d8233d,5ae3aebf5542992f92d8233d::working_set_pack_b,True,True,True,True,True,True,False,False
5ae3aebf5542992f92d8233d,5ae3aebf5542992f92d8233d::active_set_pack_b,True,False,True,True,True,True,True,True
5a7e15255542997cc2c4751d,5a7e15255542997cc2c4751d::working_set_pack_a,False,False,False,False,False,False,True,True
5a7e15255542997cc2c4751d,5a7e15255542997cc2c4751d::active_set_pack_a,False,False,False,False,False,True,True,True
5a7e15255542997cc2c4751d,5a7e15255542997cc2c4751d::working_set_pack_b,False,False,False,False,True,True,True,True
5a7e15255542997cc2c4751d,5a7e15255542997cc2c4751d::active_set_pack_b,False,False,False,False,True,True,True,True
5a8a07475542992e4fca84dc,5a8a07475542992e4fca84dc::working_set_pack_a,False,False,False,False,False,False,False,False
5a8a07475542992e4fca84dc,5a8a07475542992e4fca84dc::active_set_pack_a,False,False,False,False,False,False,False,False
5a8a07475542992e4fca84dc,5a8a07475542992e4fca84dc::working_set_pack_b,False,False,False,False,False,False,False,False
5a8a07475542992e4fca84dc,5a8a07475542992e4fca84dc::active_set_pack_b,False,False,False,False,False,False,False,False
5a7fea955542994857a7684a,5a7fea955542994857a7684a::working_set_pack_a,True,True,True,True,True,True,True,True
5a7fea955542994857a7684a,5a7fea955542994857a7684a::active_set_pack_a,True,True,True,True,True,True,True,True
5a7fea955542994857a7684a,5a7fea955542994857a7684a::working_set_pack_b,True,True,True,True,True,True,True,True
5a7fea955542994857a7684a,5a7fea955542994857a7684a::active_set_pack_b,True,True,True,True,True,True,True,True
5ab98b2d554299131ca4236e,5ab98b2d554299131ca4236e::working_set_pack_a,False,False,False,False,False,False,False,False
5ab98b2d554299131ca4236e,5ab98b2d554299131ca4236e::active_set_pack_a,False,False,False,False,False,False,False,False
5ab98b2d554299131ca4236e,5ab98b2d554299131ca4236e::working_set_pack_b,False,False,False,False,False,False,False,False
5ab98b2d554299131ca4236e,5ab98b2d554299131ca4236e::active_set_pack_b,False,False,False,False,False,False,False,False
5ae717ec5542995703ce8bd0,5ae717ec5542995703ce8bd0::working_set_pack_a,False,False,True,True,True,True,True,True
5ae717ec5542995703ce8bd0,5ae717ec5542995703ce8bd0::active_set_pack_a,False,True,True,False,False,False,False,False
5ae717ec5542995703ce8bd0,5ae717ec5542995703ce8bd0::working_set_pack_b,False,True,True,True,True,True,True,True
5ae717ec5542995703ce8bd0,5ae717ec5542995703ce8bd0::active_set_pack_b,False,False,False,False,False,False,False,False
5a7b5e55554299042af8f755,5a7b5e55554299042af8f755::working_set_pack_a,True,True,True,True,True,True,True,True
5a7b5e55554299042af8f755,5a7b5e55554299042af8f755::active_set_pack_a,True,True,True,True,True,True,True,True
5a7b5e55554299042af8f755,5a7b5e55554299042af8f755::working_set_pack_b,True,True,True,True,True,True,True,True
5a7b5e55554299042af8f755,5a7b5e55554299042af8f755::active_set_pack_b,True,True,True,True,True,True,True,True
5a7b96cf554299042af8f789,5a7b96cf554299042af8f789::working_set_pack_a,False,True,True,True,True,True,True,False
5a7b96cf554299042af8f789,5a7b96cf554299042af8f789::active_set_pack_a,False,True,True,True,True,True,True,False
5a7b96cf554299042af8f789,5a7b96cf554299042af8f789::working_set_pack_b,False,False,True,True,True,True,False,False
5a7b96cf554299042af8f789,5a7b96cf554299042af8f789::active_set_pack_b,False,True,True,True,True,True,True,False
5adca6c05542994d58a2f696,5adca6c05542994d58a2f696::working_set_pack_a,False,False,False,False,False,False,False,False
5adca6c05542994d58a2f696,5adca6c05542994d58a2f696::active_set_pack_a,False,False,False,False,False,False,False,False
5adca6c05542994d58a2f696,5adca6c05542994d58a2f696::working_set_pack_b,False,False,False,False,False,False,False,False
5adca6c05542994d58a2f696,5adca6c05542994d58a2f696::active_set_pack_b,False,False,False,False,False,False,False,False
5ab2a4165542992953946786,5ab2a4165542992953946786::working_set_pack_a,False,False,True,True,True,True,True,True
5ab2a4165542992953946786,5ab2a4165542992953946786::active_set_pack_a,False,True,True,True,True,True,True,True
5ab2a4165542992953946786,5ab2a4165542992953946786::working_set_pack_b,False,True,True,True,True,True,True,True
5ab2a4165542992953946786,5ab2a4165542992953946786::active_set_pack_b,False,True,True,True,True,True,True,True
5ae092fe554299603e418427,5ae092fe554299603e418427::working_set_pack_a,False,False,False,False,False,False,False,True
5ae092fe554299603e418427,5ae092fe554299603e418427::active_set_pack_a,False,False,False,True,True,True,True,True
5ae092fe554299603e418427,5ae092fe554299603e418427::working_set_pack_b,False,False,False,False,False,True,True,True
5ae092fe554299603e418427,5ae092fe554299603e418427::active_set_pack_b,False,False,False,True,True,True,True,True
5ac16fca5542994ab5c67d32,5ac16fca5542994ab5c67d32::working_set_pack_a,True,True,True,True,True,True,True,True
5ac16fca5542994ab5c67d32,5ac16fca5542994ab5c67d32::active_set_pack_a,True,True,True,True,True,True,True,True
5ac16fca5542994ab5c67d32,5ac16fca5542994ab5c67d32::working_set_pack_b,True,True,True,True,True,True,True,True
5ac16fca5542994ab5c67d32,5ac16fca5542994ab5c67d32::active_set_pack_b,False,True,True,True,True,True,True,True
5ab29b23554299706120966c,5ab29b23554299706120966c::working_set_pack_a,True,True,True,True,True,True,True,True
5ab29b23554299706120966c,5ab29b23554299706120966c::active_set_pack_a,True,True,True,True,True,True,True,True
5ab29b23554299706120966c,5ab29b23554299706120966c::working_set_pack_b,True,True,True,True,True,True,True,True
5ab29b23554299706120966c,5ab29b23554299706120966c::active_set_pack_b,True,True,True,True,True,True,True,True
5a8019cb5542992bc0c4a6a6,5a8019cb5542992bc0c4a6a6::working_set_pack_a,False,True,True,True,True,True,True,True
5a8019cb5542992bc0c4a6a6,5a8019cb5542992bc0c4a6a6::active_set_pack_a,False,True,True,True,True,True,True,True
5a8019cb5542992bc0c4a6a6,5a8019cb5542992bc0c4a6a6::working_set_pack_b,False,True,True,True,True,True,True,True
5a8019cb5542992bc0c4a6a6,5a8019cb5542992bc0c4a6a6::active_set_pack_b,False,True,True,True,True,True,True,True
5a81f60e55429903bc27ba09,5a81f60e55429903bc27ba09::working_set_pack_a,False,False,False,False,False,False,False,False
5a81f60e55429903bc27ba09,5a81f60e55429903bc27ba09::active_set_pack_a,False,False,False,False,False,False,False,False
5a81f60e55429903bc27ba09,5a81f60e55429903bc27ba09::working_set_pack_b,False,False,False,False,False,False,False,False
5a81f60e55429903bc27ba09,5a81f60e55429903bc27ba09::active_set_pack_b,False,False,False,False,False,False,False,False
5a734c425542994cef4bc514,5a734c425542994cef4bc514::working_set_pack_a,False,False,False,False,False,False,False,False
5a734c425542994cef4bc514,5a734c425542994cef4bc514::active_set_pack_a,False,False,False,False,False,False,False,False
5a734c425542994cef4bc514,5a734c425542994cef4bc514::working_set_pack_b,False,False,False,False,False,False,False,False
5a734c425542994cef4bc514,5a734c425542994cef4bc514::active_set_pack_b,False,False,False,False,False,False,False,False
5a7724de5542993569682cf9,5a7724de5542993569682cf9::working_set_pack_a,True,True,True,True,True,True,True,True
5a7724de5542993569682cf9,5a7724de5542993569682cf9::active_set_pack_a,True,True,True,True,True,True,True,True
5a7724de5542993569682cf9,5a7724de5542993569682cf9::working_set_pack_b,True,True,True,True,True,True,True,True
5a7724de5542993569682cf9,5a7724de5542993569682cf9::active_set_pack_b,False,True,True,True,True,True,True,True
5ae25ac85542996483e64983,5ae25ac85542996483e64983::working_set_pack_a,True,True,True,True,True,True,True,True
5ae25ac85542996483e64983,5ae25ac85542996483e64983::active_set_pack_a,True,True,True,True,False,False,False,True
5ae25ac85542996483e64983,5ae25ac85542996483e64983::working_set_pack_b,False,True,True,True,True,True,False,False
5ae25ac85542996483e64983,5ae25ac85542996483e64983::active_set_pack_b,True,True,True,False,False,False,False,False
5a747efc55429929fddd8455,5a747efc55429929fddd8455::working_set_pack_a,False,False,False,False,False,False,False,False
5a747efc55429929fddd8455,5a747efc55429929fddd8455::active_set_pack_a,False,False,False,False,False,False,False,False
5a747efc55429929fddd8455,5a747efc55429929fddd8455::working_set_pack_b,False,False,False,False,False,False,False,False
5a747efc55429929fddd8455,5a747efc55429929fddd8455::active_set_pack_b,False,False,False,False,False,False,False,False
5ae7c7355542993210983f46,5ae7c7355542993210983f46::working_set_pack_a,True,True,True,True,True,True,True,True
5ae7c7355542993210983f46,5ae7c7355542993210983f46::active_set_pack_a,True,True,True,True,True,True,True,True
5ae7c7355542993210983f46,5ae7c7355542993210983f46::working_set_pack_b,True,True,True,True,True,True,True,True
5ae7c7355542993210983f46,5ae7c7355542993210983f46::active_set_pack_b,True,True,True,True,True,True,True,True
5adccebc5542992c1e3a240d,5adccebc5542992c1e3a240d::working_set_pack_a,False,False,False,False,False,False,False,False
5adccebc5542992c1e3a240d,5adccebc5542992c1e3a240d::active_set_pack_a,False,False,False,False,False,False,False,False
5adccebc5542992c1e3a240d,5adccebc5542992c1e3a240d::working_set_pack_b,False,False,False,False,False,False,False,False
5adccebc5542992c1e3a240d,5adccebc5542992c1e3a240d::active_set_pack_b,False,False,False,False,False,False,False,False
5a734fb35542992359bc32f7,5a734fb35542992359bc32f7::working_set_pack_a,False,False,False,False,False,False,False,False
5a734fb35542992359bc32f7,5a734fb35542992359bc32f7::active_set_pack_a,False,False,False,False,False,False,False,False
5a734fb35542992359bc32f7,5a734fb35542992359bc32f7::working_set_pack_b,False,False,False,False,False,False,False,False
5a734fb35542992359bc32f7,5a734fb35542992359bc32f7::active_set_pack_b,False,False,False,False,False,False,False,False
5ae140415542997b2ef7d179,5ae140415542997b2ef7d179::working_set_pack_a,True,True,True,True,True,True,True,True
5ae140415542997b2ef7d179,5ae140415542997b2ef7d179::active_set_pack_a,True,True,True,True,True,True,True,True
5ae140415542997b2ef7d179,5ae140415542997b2ef7d179::working_set_pack_b,True,True,True,True,True,True,True,True
5ae140415542997b2ef7d179,5ae140415542997b2ef7d179::active_set_pack_b,True,True,True,True,True,True,True,True
5ae3e5f55542996836b02beb,5ae3e5f55542996836b02beb::working_set_pack_a,False,False,False,False,False,False,False,False
5ae3e5f55542996836b02beb,5ae3e5f55542996836b02beb::active_set_pack_a,False,False,False,False,False,False,False,False
5ae3e5f55542996836b02beb,5ae3e5f55542996836b02beb::working_set_pack_b,False,False,False,False,False,False,False,False
5ae3e5f55542996836b02beb,5ae3e5f55542996836b02beb::active_set_pack_b,False,False,False,False,False,False,False,False
5a8f612b5542992414482a99,5a8f612b5542992414482a99::working_set_pack_a,False,False,False,False,False,False,False,False
5a8f612b5542992414482a99,5a8f612b5542992414482a99::active_set_pack_a,False,False,False,False,False,False,False,False
5a8f612b5542992414482a99,5a8f612b5542992414482a99::working_set_pack_b,False,False,False,False,False,False,False,False
5a8f612b5542992414482a99,5a8f612b5542992414482a99::active_set_pack_b,False,False,False,False,False,False,False,False
5ae3e6f85542996836b02bee,5ae3e6f85542996836b02bee::working_set_pack_a,True,True,True,True,True,True,True,True
5ae3e6f85542996836b02bee,5ae3e6f85542996836b02bee::active_set_pack_a,True,True,True,True,True,True,True,True
5ae3e6f85542996836b02bee,5ae3e6f85542996836b02bee::working_set_pack_b,True,True,True,True,True,True,True,True
5ae3e6f85542996836b02bee,5ae3e6f85542996836b02bee::active_set_pack_b,True,True,True,True,True,True,True,True
5adef2be5542993a75d263b1,5adef2be5542993a75d263b1::working_set_pack_a,False,True,True,True,True,True,True,True
5adef2be5542993a75d263b1,5adef2be5542993a75d263b1::active_set_pack_a,False,True,True,True,True,True,True,True
5adef2be5542993a75d263b1,5adef2be5542993a75d263b1::working_set_pack_b,False,True,True,True,True,True,True,True
5adef2be5542993a75d263b1,5adef2be5542993a75d263b1::active_set_pack_b,False,True,True,True,True,True,True,True
5ae3e1815542992e3233c49f,5ae3e1815542992e3233c49f::working_set_pack_a,False,False,False,True,True,True,True,True
5ae3e1815542992e3233c49f,5ae3e1815542992e3233c49f::active_set_pack_a,False,True,True,True,True,True,True,True
5ae3e1815542992e3233c49f,5ae3e1815542992e3233c49f::working_set_pack_b,False,True,True,True,True,True,True,True
5ae3e1815542992e3233c49f,5ae3e1815542992e3233c49f::active_set_pack_b,False,False,False,False,False,False,False,True
5ac25b125542992f1f2b3872,5ac25b125542992f1f2b3872::working_set_pack_a,True,True,True,True,True,False,True,False
5ac25b125542992f1f2b3872,5ac25b125542992f1f2b3872::active_set_pack_a,True,True,False,False,False,False,False,False
5ac25b125542992f1f2b3872,5ac25b125542992f1f2b3872::working_set_pack_b,True,True,True,True,True,True,True,True
5ac25b125542992f1f2b3872,5ac25b125542992f1f2b3872::active_set_pack_b,True,True,True,True,True,True,True,True
5a80c65f55429938b61421d4,5a80c65f55429938b61421d4::working_set_pack_a,False,False,True,True,True,True,True,True
5a80c65f55429938b61421d4,5a80c65f55429938b61421d4::active_set_pack_a,False,False,True,True,True,True,True,True
5a80c65f55429938b61421d4,5a80c65f55429938b61421d4::working_set_pack_b,False,False,False,False,False,False,False,False
5a80c65f55429938b61421d4,5a80c65f55429938b61421d4::active_set_pack_b,False,False,False,False,False,True,True,True
5a813d4a554299260e20a277,5a813d4a554299260e20a277::working_set_pack_a,False,False,False,False,False,False,False,False
5a813d4a554299260e20a277,5a813d4a554299260e20a277::active_set_pack_a,False,False,False,False,False,False,False,False
5a813d4a554299260e20a277,5a813d4a554299260e20a277::working_set_pack_b,False,False,False,False,False,False,False,False
5a813d4a554299260e20a277,5a813d4a554299260e20a277::active_set_pack_b,False,False,False,False,False,False,False,False
