idx,bl_correct,pc1_destroyed,pc2_destroyed,pc3_destroyed,random_destroyed
0,True,True,False,False,False
1,True,True,False,False,False
2,True,True,False,False,False
3,True,True,False,False,False
4,True,False,False,False,False
5,False,,,,
6,True,False,True,False,False
7,True,False,True,False,False
8,True,False,False,True,False
9,True,False,False,True,False
10,True,False,False,True,False
11,True,False,False,True,False
12,True,False,False,False,False
13,False,,,,
14,True,False,False,False,False
15,True,False,False,False,False
16,False,,,,
17,False,,,,
18,False,,,,
19,False,,,,
20,True,False,False,False,False
21,True,False,False,False,False
22,True,False,False,False,False
23,True,False,False,False,False
24,True,False,False,False,False
25,True,False,False,True,True
26,True,False,False,False,False
27,True,False,False,False,False
28,False,,,,
29,False,,,,
30,True,True,False,False,False
31,False,,,,
32,True,True,False,False,False
33,False,,,,
34,True,True,False,False,False
35,True,False,True,True,False
36,True,False,False,False,False
37,True,False,False,False,False
38,True,False,False,False,False
39,True,False,False,False,False
40,True,False,False,False,False
41,True,True,False,False,False
42,True,True,False,False,False
43,True,False,False,False,False
44,False,,,,
45,False,,,,
46,False,,,,
47,False,,,,
48,False,,,,
49,True,True,False,True,False
50,False,,,,
51,False,,,,
52,True,True,False,True,False
53,True,False,False,False,False
54,False,,,,
55,True,False,True,False,False
56,False,,,,
57,False,,,,
58,False,,,,
59,False,,,,
60,False,,,,
61,False,,,,
62,False,,,,
63,False,,,,
64,True,False,False,False,False
65,True,False,False,False,False
66,True,False,False,False,False
67,True,False,False,False,False
68,False,,,,
69,False,,,,
70,False,,,,
71,False,,,,
72,True,False,False,True,False
73,True,False,False,True,False
74,True,False,False,True,False
75,True,False,False,False,False
76,False,,,,
77,False,,,,
78,False,,,,
79,False,,,,
80,False,,,,
81,False,,,,
82,False,,,,
83,False,,,,
84,True,False,False,True,False
85,True,False,False,False,False
86,True,False,False,False,False
87,False,,,,
88,False,,,,
89,False,,,,
90,False,,,,
91,False,,,,
92,True,True,True,False,False
93,True,True,True,False,False
94,True,True,True,False,False
95,True,True,False,False,False
96,True,True,True,False,False
97,True,True,True,False,False
98,True,True,True,False,False
99,True,True,True,False,False
100,False,,,,
101,False,,,,
102,False,,,,
103,False,,,,
104,True,False,True,False,False
105,True,False,True,False,False
106,True,False,True,False,False
107,True,False,True,False,False
108,True,True,True,False,False
109,True,True,False,False,False
110,True,True,False,False,False
111,True,True,False,False,False
112,True,False,False,False,False
113,True,False,False,False,False
114,True,False,False,True,False
115,True,False,False,False,False
116,True,False,False,False,False
117,True,False,False,False,False
118,True,True,False,False,False
119,True,True,False,False,False
120,False,,,,
121,False,,,,
122,False,,,,
123,False,,,,
124,False,,,,
125,False,,,,
126,False,,,,
127,False,,,,
128,False,,,,
129,False,,,,
130,False,,,,
131,False,,,,
132,False,,,,
133,False,,,,
134,False,,,,
135,False,,,,
136,False,,,,
137,False,,,,
138,False,,,,
139,False,,,,
140,False,,,,
141,False,,,,
142,False,,,,
143,False,,,,
144,False,,,,
145,False,,,,
146,False,,,,
147,False,,,,
148,True,True,False,False,False
149,True,True,False,False,False
150,True,False,False,False,False
151,True,True,False,False,False
152,True,False,True,False,False
153,False,,,,
154,True,False,False,False,False
155,True,False,False,False,False
156,True,False,False,False,False
157,True,False,False,False,False
158,True,True,True,False,False
159,True,False,False,False,False
160,True,False,False,False,False
161,True,False,False,False,False
162,True,False,True,True,False
163,True,False,False,False,False
164,False,,,,
165,False,,,,
166,False,,,,
167,False,,,,
168,False,,,,
169,False,,,,
170,False,,,,
171,False,,,,
172,True,True,False,False,False
173,True,True,False,False,False
174,True,True,False,False,False
175,False,,,,
176,True,False,False,False,False
177,True,False,False,False,False
178,True,False,False,False,False
179,True,False,False,False,False
180,True,False,False,False,False
181,True,False,False,False,False
182,True,False,False,False,False
183,True,False,False,False,False
184,True,False,False,False,False
185,True,False,False,False,False
186,True,False,False,False,False
187,True,False,False,False,False
188,False,,,,
189,False,,,,
190,False,,,,
191,False,,,,
192,True,False,False,False,False
193,True,False,False,False,False
194,True,False,False,False,False
195,True,True,False,False,False
196,False,,,,
197,False,,,,
198,False,,,,
199,False,,,,
200,True,False,True,False,False
201,True,False,True,False,False
202,True,False,True,False,False
203,True,False,True,False,False
204,False,,,,
205,False,,,,
206,False,,,,
207,False,,,,
208,True,False,False,False,False
209,True,False,True,False,False
210,True,False,True,False,False
211,True,False,True,False,False
212,True,False,False,False,False
213,True,False,False,False,False
214,True,False,False,False,False
215,True,False,False,False,False
216,False,,,,
217,False,,,,
218,False,,,,
219,False,,,,
220,True,False,False,False,False
221,True,False,False,False,False
222,True,False,True,False,False
223,True,False,True,False,False
224,True,True,False,False,False
225,True,True,True,False,True
226,False,,,,
227,False,,,,
228,False,,,,
229,False,,,,
230,False,,,,
231,False,,,,
232,True,False,False,False,True
233,False,,,,
234,True,False,False,False,False
235,True,False,False,False,False
236,True,True,False,False,False
237,True,True,False,False,False
238,True,True,False,False,False
239,True,True,False,False,False
240,True,False,False,False,False
241,True,False,False,False,False
242,True,False,False,False,False
243,True,False,False,False,False
244,True,True,True,False,False
245,True,True,True,False,False
246,False,,,,
247,True,True,True,False,False
248,True,True,True,True,False
249,True,True,True,True,True
250,True,True,True,False,False
251,True,True,True,False,False
252,True,True,True,False,False
253,True,True,False,False,False
254,True,True,True,False,False
255,True,False,True,False,False
256,True,False,True,True,False
257,True,False,True,True,False
258,False,,,,
259,True,False,True,True,False
260,True,True,False,False,False
261,False,,,,
262,True,False,False,False,False
263,True,False,True,False,False
264,True,False,False,False,False
265,True,False,False,False,True
266,True,False,False,False,False
267,True,False,False,False,False
268,False,,,,
269,False,,,,
270,False,,,,
271,False,,,,
272,True,False,True,False,False
273,True,False,True,False,False
274,True,False,True,False,False
275,True,False,True,False,False
276,False,,,,
277,False,,,,
278,False,,,,
279,False,,,,
280,False,,,,
281,True,True,True,False,True
282,False,,,,
283,False,,,,
284,True,False,False,False,False
285,True,False,False,False,False
286,True,True,False,False,False
287,True,False,False,False,False
288,True,False,False,False,False
289,True,False,False,False,False
290,True,False,False,False,False
291,True,False,False,False,False
292,True,True,True,False,False
293,True,True,True,False,False
294,True,True,True,False,False
295,False,,,,
296,True,True,False,False,False
297,True,True,False,True,False
298,True,True,False,False,False
299,True,True,False,False,False
300,True,False,False,True,False
301,True,False,False,True,False
302,False,,,,
303,True,False,False,True,False
304,True,True,False,False,False
305,True,False,False,False,False
306,False,,,,
307,True,False,False,False,False
308,True,True,False,False,False
309,True,True,False,False,False
310,True,True,False,False,False
311,True,False,False,False,False
312,True,False,False,False,False
313,True,False,False,False,False
314,True,True,False,False,False
315,True,True,False,False,False
316,False,,,,
317,False,,,,
318,False,,,,
319,False,,,,
320,False,,,,
321,False,,,,
322,False,,,,
323,False,,,,
324,False,,,,
325,False,,,,
326,True,False,True,True,False
327,True,True,False,True,False
328,False,,,,
329,False,,,,
330,False,,,,
331,False,,,,
332,False,,,,
333,False,,,,
334,False,,,,
335,False,,,,
336,False,,,,
337,False,,,,
338,False,,,,
339,False,,,,
340,True,True,False,False,False
341,True,True,False,False,False
342,True,True,False,False,False
343,True,True,False,False,False
344,True,False,True,False,False
345,True,False,True,False,False
346,True,False,True,False,False
347,True,False,True,True,False
348,True,False,False,False,False
349,True,False,False,False,False
350,True,False,False,False,False
351,True,False,False,False,False
352,True,False,False,False,False
353,True,False,False,False,False
354,True,False,False,False,False
355,True,False,False,False,False
356,False,,,,
357,False,,,,
358,False,,,,
359,False,,,,
360,True,True,False,False,False
361,True,True,True,False,False
362,False,,,,
363,False,,,,
364,True,False,True,False,False
365,True,False,True,False,False
366,True,False,True,True,False
367,True,False,False,False,False
368,False,,,,
369,False,,,,
370,False,,,,
371,True,False,True,False,False
372,True,False,False,False,False
373,True,False,False,False,False
374,True,False,False,False,False
375,True,False,False,False,False
376,True,False,False,False,False
377,True,False,False,False,False
378,True,False,False,False,False
379,True,False,False,False,False
380,False,,,,
381,False,,,,
382,False,,,,
383,False,,,,
384,True,True,True,False,False
385,True,True,True,False,False
386,True,True,True,False,False
387,True,False,True,False,False
388,True,True,False,False,False
389,True,True,True,False,False
390,True,True,True,False,False
391,True,True,True,True,False
392,True,False,False,False,False
393,True,False,False,False,False
394,True,False,False,False,False
395,True,False,False,False,False
396,False,,,,
397,False,,,,
398,False,,,,
399,False,,,,
400,False,,,,
401,False,,,,
402,False,,,,
403,False,,,,
404,True,False,False,False,False
405,True,False,False,False,False
406,True,True,False,False,False
407,True,True,False,False,False
408,False,,,,
409,False,,,,
410,True,True,False,False,False
411,True,True,False,False,False
412,True,False,False,True,False
413,True,False,False,True,False
414,True,True,False,False,False
415,True,False,False,False,False
416,True,False,False,False,False
417,True,False,False,False,False
418,True,False,False,False,False
419,True,False,False,False,False
420,True,True,False,False,False
421,True,True,False,False,False
422,True,True,False,False,False
423,True,True,False,False,False
424,True,False,False,False,False
425,True,False,False,False,False
426,True,False,False,False,False
427,True,False,False,False,False
428,True,False,False,True,False
429,True,False,False,True,False
430,True,False,False,False,False
431,True,False,False,False,False
432,True,False,False,False,False
433,True,False,False,False,False
434,True,False,False,False,False
435,True,False,False,False,False
436,False,,,,
437,False,,,,
438,False,,,,
439,False,,,,
440,False,,,,
441,False,,,,
442,False,,,,
443,False,,,,
444,False,,,,
445,False,,,,
446,False,,,,
447,False,,,,
448,False,,,,
449,False,,,,
450,False,,,,
451,False,,,,
452,False,,,,
453,False,,,,
454,False,,,,
455,False,,,,
456,True,False,False,False,False
457,True,False,False,False,False
458,True,False,False,False,False
459,True,True,False,False,False
460,False,,,,
461,False,,,,
462,False,,,,
463,False,,,,
464,False,,,,
465,True,False,True,False,False
466,False,,,,
467,True,False,False,False,False
468,False,,,,
469,False,,,,
470,False,,,,
471,False,,,,
472,True,True,False,False,False
473,True,True,False,False,False
474,True,True,False,False,False
475,True,True,False,False,False
476,True,True,False,False,False
477,True,True,False,False,False
478,True,True,False,False,False
479,True,True,False,False,False
480,True,False,True,False,False
481,True,False,False,False,False
482,True,False,False,False,False
483,True,False,False,False,False
484,True,False,False,False,False
485,True,False,True,False,False
486,True,False,False,True,False
487,True,False,False,True,False
488,False,,,,
489,False,,,,
490,False,,,,
491,False,,,,
492,True,False,True,False,False
493,False,,,,
494,True,True,True,False,False
495,False,,,,
496,True,False,False,False,False
497,True,False,False,False,False
498,True,False,True,False,False
499,True,False,False,False,False
500,False,,,,
501,False,,,,
502,False,,,,
503,False,,,,
504,True,True,True,False,False
505,True,True,True,False,False
506,False,,,,
507,True,False,True,False,False
508,False,,,,
509,False,,,,
510,False,,,,
511,False,,,,
512,False,,,,
513,True,False,True,False,False
514,False,,,,
515,True,True,True,False,False
516,True,False,False,False,False
517,True,False,False,False,False
518,True,False,False,False,False
519,True,False,False,False,False
520,False,,,,
521,False,,,,
522,False,,,,
523,False,,,,
524,True,False,False,True,False
525,False,,,,
526,False,,,,
527,False,,,,
528,False,,,,
529,True,False,True,False,False
530,True,False,True,False,False
531,False,,,,
532,False,,,,
533,False,,,,
534,True,False,True,False,False
535,True,False,False,False,False
536,True,True,False,False,False
537,True,True,True,True,False
538,True,True,True,False,False
539,True,True,False,False,False
540,False,,,,
541,False,,,,
542,False,,,,
543,False,,,,
544,False,,,,
545,False,,,,
546,False,,,,
547,False,,,,
548,False,,,,
549,False,,,,
550,False,,,,
551,False,,,,
552,False,,,,
553,False,,,,
554,False,,,,
555,False,,,,
556,True,False,False,False,False
557,True,False,False,False,False
558,True,False,False,False,False
559,True,False,False,False,False
560,True,False,False,False,False
561,True,False,False,False,False
562,True,False,False,False,False
563,True,False,False,False,False
564,True,True,False,False,False
565,True,True,False,False,False
566,True,True,False,False,False
567,True,True,False,False,False
568,True,False,True,False,False
569,True,False,False,False,False
570,True,False,False,False,False
571,True,False,True,False,False
572,True,True,False,False,False
573,True,True,True,False,False
574,True,False,False,False,False
575,True,False,False,False,False
576,True,True,False,False,False
577,True,False,False,False,False
578,True,True,False,False,False
579,True,True,False,False,False
580,True,False,True,False,False
581,True,True,True,False,False
582,True,False,False,False,False
583,True,False,False,False,False
584,False,,,,
585,False,,,,
586,False,,,,
587,False,,,,
588,True,False,False,False,False
589,True,False,False,False,False
590,True,False,False,False,False
591,True,False,False,False,False
592,False,,,,
593,False,,,,
594,False,,,,
595,False,,,,
596,True,False,False,False,False
597,True,False,False,False,False
598,False,,,,
599,True,False,True,False,False
600,False,,,,
601,False,,,,
602,False,,,,
603,False,,,,
604,False,,,,
605,False,,,,
606,False,,,,
607,False,,,,
608,True,False,True,False,False
609,True,False,True,False,False
610,True,True,False,False,False
611,True,True,False,False,False
612,False,,,,
613,True,False,False,False,False
614,False,,,,
615,False,,,,
616,False,,,,
617,False,,,,
618,False,,,,
619,False,,,,
620,True,True,False,False,False
621,True,False,False,False,False
622,True,True,True,False,False
623,True,False,False,False,False
624,True,False,False,False,False
625,True,False,False,False,False
626,True,False,False,False,False
627,True,False,False,True,False
628,True,False,True,False,False
629,True,False,False,False,False
630,True,False,True,False,False
631,True,False,True,False,False
632,False,,,,
633,False,,,,
634,False,,,,
635,False,,,,
636,False,,,,
637,False,,,,
638,False,,,,
639,False,,,,
640,True,False,True,False,False
641,True,False,True,False,False
642,True,True,True,False,False
643,True,False,True,False,False
644,True,False,False,False,False
645,True,False,False,False,False
646,True,False,False,False,False
647,True,False,False,False,False
648,False,,,,
649,False,,,,
650,False,,,,
651,False,,,,
652,True,True,False,False,False
653,True,True,False,False,False
654,True,True,False,False,False
655,True,True,False,False,False
656,False,,,,
657,False,,,,
658,False,,,,
659,False,,,,
660,True,False,True,True,False
661,True,False,False,False,False
662,True,False,False,True,False
663,True,False,True,True,False
664,True,False,False,False,False
665,True,False,False,False,False
666,True,False,False,False,False
667,True,False,False,False,False
668,True,False,False,False,False
669,True,True,False,False,False
670,True,False,False,False,False
671,True,False,False,False,False
672,True,False,False,False,False
673,True,False,False,False,False
674,True,False,False,False,False
675,True,False,False,False,False
676,False,,,,
677,False,,,,
678,False,,,,
679,False,,,,
680,True,True,False,False,False
681,True,True,False,False,False
682,True,False,False,False,False
683,True,True,False,False,False
684,False,,,,
685,False,,,,
686,False,,,,
687,False,,,,
688,False,,,,
689,False,,,,
690,True,False,False,False,False
691,False,,,,
692,False,,,,
693,False,,,,
694,False,,,,
695,False,,,,
696,False,,,,
697,False,,,,
698,False,,,,
699,False,,,,
700,False,,,,
701,False,,,,
702,False,,,,
703,True,False,True,False,False
704,True,False,False,False,False
705,True,False,False,False,False
706,True,False,False,False,False
707,True,False,False,False,False
708,True,True,False,False,False
709,True,True,False,False,False
710,True,True,False,True,False
711,True,True,False,False,False
712,True,False,False,False,False
713,True,False,False,False,False
714,True,False,False,False,False
715,True,False,False,False,False
716,False,,,,
717,False,,,,
718,False,,,,
719,False,,,,
720,False,,,,
721,False,,,,
722,True,False,False,True,False
723,True,False,True,False,False
724,False,,,,
725,False,,,,
726,False,,,,
727,False,,,,
728,True,False,False,False,False
729,True,False,False,False,False
730,True,False,False,False,False
731,True,False,False,False,False
732,True,True,False,True,False
733,True,True,False,True,False
734,False,,,,
735,True,True,False,False,False
736,True,False,False,False,False
737,True,False,False,False,False
738,True,False,False,False,False
739,True,False,False,False,False
740,False,,,,
741,False,,,,
742,False,,,,
743,False,,,,
744,False,,,,
745,False,,,,
746,False,,,,
747,False,,,,
748,True,False,False,False,False
749,True,False,False,False,False
750,True,False,False,False,False
751,True,False,False,False,False
752,True,False,False,False,False
753,True,False,False,False,False
754,True,False,False,False,False
755,True,False,False,False,False
756,True,False,False,False,False
757,True,False,False,False,False
758,True,False,False,False,False
759,True,False,False,False,False
760,True,False,False,False,False
761,True,False,False,False,False
762,True,False,False,False,False
763,True,False,False,False,False
764,True,False,False,False,False
765,True,False,False,True,False
766,True,False,False,False,False
767,True,False,False,False,False
768,False,,,,
769,False,,,,
770,False,,,,
771,False,,,,
772,False,,,,
773,False,,,,
774,False,,,,
775,False,,,,
776,True,True,False,False,False
777,True,False,False,False,False
778,True,True,False,False,False
779,True,True,False,False,False
780,True,False,False,False,False
781,True,False,False,False,False
782,True,False,False,False,False
783,True,False,False,False,False
784,True,False,False,False,False
785,True,False,False,False,False
786,True,False,False,False,False
787,True,False,False,False,False
788,False,,,,
789,False,,,,
790,False,,,,
791,False,,,,
792,True,True,False,False,False
793,True,True,False,False,False
794,True,True,False,False,False
795,True,True,True,True,False
796,False,,,,
797,False,,,,
798,False,,,,
799,False,,,,
