cell,display,family,scale_factor,accuracy,monotonicity_r,ablation_drop
llama_3b,Llama 3B,Llama,0.0,0.181,0.928,0.103
llama_3b,Llama 3B,Llama,0.25,0.24,0.928,0.103
llama_3b,Llama 3B,Llama,0.5,0.261,0.928,0.103
llama_3b,Llama 3B,Llama,0.75,0.276,0.928,0.103
llama_3b,Llama 3B,Llama,1.0,0.284,0.928,0.103
llama_3b,Llama 3B,Llama,1.25,0.29,0.928,0.103
llama_3b,Llama 3B,Llama,1.5,0.292,0.928,0.103
llama_3b,Llama 3B,Llama,2.0,0.29,0.928,0.103
llama_8b,Llama 8B,Llama,0.0,0.121,0.933,0.386
llama_8b,Llama 8B,Llama,0.25,0.331,0.933,0.386
llama_8b,Llama 8B,Llama,0.5,0.426,0.933,0.386
llama_8b,Llama 8B,Llama,0.75,0.475,0.933,0.386
llama_8b,Llama 8B,Llama,1.0,0.507,0.933,0.386
llama_8b,Llama 8B,Llama,1.25,0.519,0.933,0.386
llama_8b,Llama 8B,Llama,1.5,0.516,0.933,0.386
llama_8b,Llama 8B,Llama,2.0,0.504,0.933,0.386
qwen_7b,Qwen 7B,Qwen,0.0,0.502,0.938,0.133
qwen_7b,Qwen 7B,Qwen,0.25,0.573,0.938,0.133
qwen_7b,Qwen 7B,Qwen,0.5,0.605,0.938,0.133
qwen_7b,Qwen 7B,Qwen,0.75,0.621,0.938,0.133
qwen_7b,Qwen 7B,Qwen,1.0,0.635,0.938,0.133
qwen_7b,Qwen 7B,Qwen,1.25,0.634,0.938,0.133
qwen_7b,Qwen 7B,Qwen,1.5,0.627,0.938,0.133
qwen_7b,Qwen 7B,Qwen,2.0,0.547,0.938,0.133
qwen_14b,Qwen 14B,Qwen,0.0,0.64,0.813,0.151
qwen_14b,Qwen 14B,Qwen,0.25,0.761,0.813,0.151
qwen_14b,Qwen 14B,Qwen,0.5,0.782,0.813,0.151
qwen_14b,Qwen 14B,Qwen,0.75,0.787,0.813,0.151
qwen_14b,Qwen 14B,Qwen,1.0,0.791,0.813,0.151
qwen_14b,Qwen 14B,Qwen,1.25,0.794,0.813,0.151
qwen_14b,Qwen 14B,Qwen,1.5,0.789,0.813,0.151
qwen_14b,Qwen 14B,Qwen,2.0,0.766,0.813,0.151
mistral_7b,Mistral 7B,Mistral,0.0,0.199,0.825,0.047
mistral_7b,Mistral 7B,Mistral,0.25,0.236,0.825,0.047
mistral_7b,Mistral 7B,Mistral,0.5,0.242,0.825,0.047
mistral_7b,Mistral 7B,Mistral,0.75,0.245,0.825,0.047
mistral_7b,Mistral 7B,Mistral,1.0,0.246,0.825,0.047
mistral_7b,Mistral 7B,Mistral,1.25,0.25,0.825,0.047
mistral_7b,Mistral 7B,Mistral,1.5,0.25,0.825,0.047
mistral_7b,Mistral 7B,Mistral,2.0,0.253,0.825,0.047
mistral_12b,Mistral 12B,Mistral,0.0,0.386,0.892,0.189
mistral_12b,Mistral 12B,Mistral,0.25,0.51,0.892,0.189
mistral_12b,Mistral 12B,Mistral,0.5,0.544,0.892,0.189
mistral_12b,Mistral 12B,Mistral,0.75,0.57,0.892,0.189
mistral_12b,Mistral 12B,Mistral,1.0,0.575,0.892,0.189
mistral_12b,Mistral 12B,Mistral,1.25,0.589,0.892,0.189
mistral_12b,Mistral 12B,Mistral,1.5,0.594,0.892,0.189
mistral_12b,Mistral 12B,Mistral,2.0,0.615,0.892,0.189
