idx,bl_correct,split,xval_destroyed,same_destroyed,rand_destroyed
0,False,A,,,
1,False,B,,,
2,False,A,,,
3,False,A,,,
4,True,B,False,False,False
5,True,B,False,False,False
6,True,A,False,False,False
7,True,A,False,False,False
8,False,B,,,
9,False,A,,,
10,False,A,,,
11,False,A,,,
12,True,B,False,False,False
13,True,B,False,False,False
14,True,B,False,False,False
15,True,A,False,False,False
16,False,B,,,
17,False,B,,,
18,False,A,,,
19,False,B,,,
20,False,B,,,
21,False,B,,,
22,False,A,,,
23,False,A,,,
24,True,A,False,False,False
25,True,B,False,False,False
26,True,B,False,False,False
27,True,B,False,False,False
28,True,A,False,False,False
29,True,A,False,False,False
30,False,A,,,
31,False,A,,,
32,True,B,True,True,False
33,True,A,True,True,False
34,True,B,True,True,False
35,True,B,True,True,False
36,True,B,False,False,False
37,True,B,False,False,False
38,True,B,True,True,False
39,True,A,True,True,False
40,True,B,True,True,False
41,True,A,True,True,False
42,True,A,True,True,False
43,True,A,True,True,False
44,True,A,True,True,False
45,True,B,True,True,False
46,False,B,,,
47,False,B,,,
48,False,B,,,
49,False,A,,,
50,False,B,,,
51,False,A,,,
52,False,B,,,
53,False,B,,,
54,False,A,,,
55,False,A,,,
56,False,A,,,
57,False,B,,,
58,False,B,,,
59,False,B,,,
60,False,A,,,
61,False,A,,,
62,False,B,,,
63,False,A,,,
64,True,B,False,False,False
65,True,A,False,False,False
66,True,A,False,False,False
67,True,A,False,False,False
68,True,A,True,True,False
69,True,A,True,True,False
70,True,A,True,True,False
71,True,B,True,True,False
72,False,A,,,
73,False,A,,,
74,False,A,,,
75,False,A,,,
76,False,A,,,
77,False,A,,,
78,False,A,,,
79,False,A,,,
80,True,B,True,True,False
81,True,A,True,True,False
82,True,A,True,True,False
83,True,A,True,True,False
84,True,A,False,False,False
85,True,B,False,False,False
86,True,A,False,False,False
87,True,B,False,False,False
88,False,A,,,
89,False,A,,,
90,False,A,,,
91,False,B,,,
92,False,A,,,
93,False,A,,,
94,False,B,,,
95,True,B,True,True,False
96,False,A,,,
97,False,A,,,
98,False,B,,,
99,False,B,,,
100,False,B,,,
101,False,A,,,
102,False,B,,,
103,False,B,,,
104,False,A,,,
105,False,B,,,
106,False,B,,,
107,False,B,,,
108,False,A,,,
109,False,A,,,
110,False,A,,,
111,False,B,,,
112,False,B,,,
113,False,B,,,
114,False,A,,,
115,False,B,,,
116,False,A,,,
117,False,A,,,
118,False,A,,,
119,False,B,,,
120,False,A,,,
121,False,B,,,
122,False,B,,,
123,False,B,,,
124,False,B,,,
125,False,A,,,
126,False,B,,,
127,False,B,,,
128,False,B,,,
129,False,B,,,
130,True,B,False,False,False
131,False,A,,,
132,False,A,,,
133,False,A,,,
134,False,B,,,
135,False,A,,,
136,True,A,False,False,False
137,True,A,False,False,False
138,True,B,False,False,False
139,True,A,False,False,False
140,False,A,,,
141,False,B,,,
142,False,B,,,
143,False,B,,,
144,False,A,,,
145,True,A,False,False,False
146,False,B,,,
147,False,B,,,
148,False,A,,,
149,False,B,,,
150,False,B,,,
151,False,B,,,
152,True,B,False,False,False
153,True,A,False,False,False
154,True,B,False,False,False
155,True,A,False,False,False
156,False,B,,,
157,False,B,,,
158,False,A,,,
159,False,B,,,
160,True,B,False,True,False
161,True,B,True,True,False
162,True,B,True,True,False
163,True,A,True,True,False
164,False,A,,,
165,False,A,,,
166,False,B,,,
167,False,A,,,
168,True,A,False,False,False
169,True,B,False,False,False
170,True,B,False,False,False
171,True,B,False,False,False
172,False,B,,,
173,False,B,,,
174,False,A,,,
175,False,B,,,
176,False,A,,,
177,False,A,,,
178,False,A,,,
179,False,B,,,
180,True,B,False,False,False
181,True,A,False,False,False
182,True,A,True,True,False
183,True,B,False,False,False
184,False,A,,,
185,False,B,,,
186,False,B,,,
187,False,B,,,
188,True,A,False,False,False
189,True,B,False,False,False
190,True,B,False,False,False
191,True,B,False,False,False
192,True,A,False,False,False
193,True,A,False,False,False
194,True,B,False,False,False
195,True,B,False,False,False
196,False,A,,,
197,False,B,,,
198,False,A,,,
199,False,A,,,
200,False,B,,,
201,False,B,,,
202,False,B,,,
203,False,A,,,
204,True,A,False,False,False
205,True,B,False,False,False
206,True,B,False,False,False
207,True,B,False,False,False
208,False,A,,,
209,False,A,,,
210,False,A,,,
211,False,A,,,
212,True,A,False,False,False
213,True,A,False,False,False
214,True,B,False,False,False
215,False,A,,,
216,False,B,,,
217,False,B,,,
218,True,A,False,False,False
219,False,B,,,
220,True,A,False,False,False
221,True,A,True,False,False
222,True,B,True,True,False
223,True,A,True,False,False
224,False,B,,,
225,False,B,,,
226,False,B,,,
227,False,A,,,
228,True,A,False,False,False
229,True,B,False,False,False
230,True,B,False,False,False
231,True,A,False,False,False
232,True,B,False,False,False
233,True,B,False,False,False
234,True,A,False,False,False
235,True,A,False,False,False
236,False,A,,,
237,False,A,,,
238,False,A,,,
239,False,A,,,
240,True,B,False,False,False
241,True,B,False,False,False
242,True,B,False,False,False
243,True,B,False,False,False
244,False,A,,,
245,False,B,,,
246,False,B,,,
247,False,A,,,
248,False,A,,,
249,False,A,,,
250,True,A,False,False,False
251,True,B,True,True,False
252,False,B,,,
253,False,B,,,
254,False,A,,,
255,False,B,,,
256,False,A,,,
257,False,A,,,
258,False,B,,,
259,False,A,,,
260,True,A,False,False,False
261,True,B,False,False,False
262,True,B,False,False,False
263,True,B,False,False,False
264,True,A,False,False,False
265,True,A,False,False,False
266,True,A,False,False,False
267,True,B,False,False,False
268,True,A,False,False,False
269,True,B,False,False,False
270,True,B,False,False,False
271,True,A,False,False,False
272,True,B,False,False,False
273,True,B,False,False,False
274,True,A,False,False,False
275,True,A,False,False,False
276,False,B,,,
277,False,A,,,
278,False,A,,,
279,False,B,,,
280,True,B,True,True,False
281,True,A,True,True,False
282,True,B,True,True,False
283,True,B,True,True,False
284,True,A,False,False,False
285,True,A,False,False,False
286,True,A,False,False,False
287,True,B,False,False,False
288,True,B,True,True,False
289,True,A,True,True,False
290,True,A,True,True,False
291,False,A,,,
292,False,A,,,
293,True,B,True,True,False
294,False,A,,,
295,False,B,,,
296,True,A,False,False,False
297,True,B,False,False,False
298,True,B,False,False,False
299,True,A,False,False,False
300,True,A,True,False,False
301,True,B,False,True,False
302,True,A,True,True,False
303,True,B,True,True,False
304,True,B,True,True,False
305,True,B,True,True,False
306,False,A,,,
307,False,A,,,
308,True,B,True,True,False
309,False,A,,,
310,False,A,,,
311,False,A,,,
312,False,B,,,
313,False,B,,,
314,False,A,,,
315,False,B,,,
316,False,A,,,
317,False,B,,,
318,False,A,,,
319,False,A,,,
320,False,B,,,
321,False,B,,,
322,False,B,,,
323,False,A,,,
324,False,A,,,
325,False,B,,,
326,False,A,,,
327,False,A,,,
328,True,A,False,False,False
329,True,A,False,False,False
330,True,B,False,False,False
331,False,A,,,
332,False,A,,,
333,True,A,True,True,False
334,False,A,,,
335,True,A,True,True,False
336,True,A,False,False,False
337,True,B,False,False,False
338,True,A,False,False,False
339,True,B,False,False,False
340,False,A,,,
341,False,B,,,
342,True,A,False,False,False
343,True,B,False,False,False
344,True,A,True,True,False
345,True,B,False,False,False
346,True,A,True,True,False
347,True,B,True,True,False
348,True,B,False,False,False
349,True,B,False,False,False
350,True,A,False,False,False
351,True,A,False,False,False
352,False,A,,,
353,False,B,,,
354,False,B,,,
355,False,A,,,
356,True,A,False,False,False
357,True,A,False,False,False
358,True,B,False,False,False
359,True,B,False,False,False
360,False,A,,,
361,False,A,,,
362,False,A,,,
363,False,A,,,
364,True,B,True,True,False
365,True,A,True,True,False
366,False,B,,,
367,True,A,True,True,False
368,False,A,,,
369,False,A,,,
370,False,B,,,
371,False,B,,,
372,True,B,True,True,False
373,True,B,True,True,False
374,True,B,True,True,False
375,True,A,True,True,False
376,False,B,,,
377,False,A,,,
378,True,B,True,True,False
379,True,B,True,True,False
380,False,A,,,
381,False,A,,,
382,False,A,,,
383,True,A,True,True,False
384,False,B,,,
385,True,B,True,True,False
386,True,B,True,True,False
387,True,B,True,True,False
388,False,A,,,
389,False,B,,,
390,False,B,,,
391,False,B,,,
392,True,B,False,True,False
393,True,A,True,False,False
394,True,A,True,False,False
395,True,A,True,False,False
396,False,A,,,
397,False,B,,,
398,False,A,,,
399,False,B,,,
400,True,B,False,False,False
401,True,B,False,False,False
402,True,B,False,False,False
403,True,B,False,False,False
404,False,A,,,
405,False,A,,,
406,False,B,,,
407,False,B,,,
408,False,B,,,
409,False,A,,,
410,False,B,,,
411,False,A,,,
412,False,A,,,
413,False,B,,,
414,False,B,,,
415,False,B,,,
416,True,B,False,False,False
417,True,A,False,False,False
418,True,B,False,False,False
419,True,B,False,False,False
420,True,A,False,False,False
421,True,B,False,False,False
422,True,A,True,True,False
423,True,A,False,False,False
424,False,A,,,
425,False,A,,,
426,False,A,,,
427,False,B,,,
428,True,A,False,False,False
429,True,B,False,False,False
430,True,B,False,False,False
431,True,A,False,False,False
432,True,A,True,True,False
433,True,A,True,True,False
434,True,A,True,True,False
435,True,B,True,True,False
436,False,A,,,
437,False,B,,,
438,False,B,,,
439,False,B,,,
440,True,A,False,False,False
441,True,B,False,False,False
442,True,A,False,False,False
443,True,A,False,False,False
444,False,A,,,
445,False,A,,,
446,False,A,,,
447,False,A,,,
448,True,A,True,True,False
449,True,B,True,True,False
450,True,A,True,True,False
451,False,A,,,
452,False,B,,,
453,False,A,,,
454,False,B,,,
455,False,B,,,
456,True,A,False,False,False
457,True,A,False,False,False
458,True,B,False,False,False
459,True,B,False,False,False
460,True,B,False,False,False
461,True,B,False,False,False
462,True,A,False,False,False
463,True,B,False,False,False
464,False,A,,,
465,True,A,True,True,False
466,True,B,True,True,False
467,True,A,True,True,False
468,False,B,,,
469,False,B,,,
470,False,B,,,
471,False,B,,,
472,False,B,,,
473,False,A,,,
474,False,B,,,
475,False,B,,,
476,False,B,,,
477,False,B,,,
478,False,A,,,
479,False,A,,,
480,False,B,,,
481,False,A,,,
482,False,B,,,
483,False,A,,,
484,False,B,,,
485,False,B,,,
486,False,A,,,
487,False,B,,,
488,False,B,,,
489,False,B,,,
490,False,A,,,
491,False,B,,,
492,False,B,,,
493,False,A,,,
494,False,A,,,
495,False,A,,,
496,True,B,True,True,False
497,True,A,True,True,False
498,True,B,True,True,False
499,True,B,False,False,False
500,False,A,,,
501,False,A,,,
502,False,B,,,
503,False,B,,,
504,False,B,,,
505,False,B,,,
506,False,A,,,
507,False,B,,,
508,True,B,False,False,False
509,True,B,False,False,False
510,True,B,False,False,False
511,True,B,False,False,False
512,False,A,,,
513,False,A,,,
514,False,A,,,
515,False,A,,,
516,True,B,False,False,False
517,True,A,False,False,False
518,True,A,True,True,False
519,True,A,False,False,False
520,False,B,,,
521,False,A,,,
522,False,A,,,
523,False,B,,,
524,False,B,,,
525,False,A,,,
526,False,A,,,
527,False,A,,,
528,False,A,,,
529,False,A,,,
530,False,A,,,
531,False,A,,,
532,True,A,False,False,False
533,True,A,False,False,False
534,True,A,False,False,False
535,True,B,False,False,False
536,True,B,False,False,False
537,False,A,,,
538,False,B,,,
539,False,A,,,
540,True,B,False,False,False
541,True,B,False,False,False
542,True,B,False,False,False
543,False,A,,,
544,True,A,True,True,False
545,True,A,True,True,False
546,False,B,,,
547,True,A,True,True,False
548,True,B,True,True,False
549,True,A,True,True,False
550,True,B,True,True,False
551,True,A,True,True,False
552,False,B,,,
553,False,B,,,
554,False,A,,,
555,False,B,,,
556,False,B,,,
557,False,B,,,
558,False,B,,,
559,False,A,,,
560,False,B,,,
561,False,B,,,
562,False,B,,,
563,False,B,,,
564,True,B,False,False,False
565,True,B,False,False,False
566,True,B,False,False,False
567,True,A,False,False,False
568,False,A,,,
569,False,A,,,
570,False,A,,,
571,True,B,True,True,False
572,False,B,,,
573,False,B,,,
574,False,B,,,
575,False,A,,,
576,True,A,True,True,False
577,True,B,False,False,False
578,True,A,True,True,False
579,True,B,True,True,False
580,True,A,True,True,False
581,True,B,True,True,False
582,True,A,True,True,False
583,True,B,True,True,False
584,True,A,False,False,False
585,True,A,False,False,False
586,True,A,False,False,False
587,True,B,False,False,False
588,True,B,False,False,False
589,True,A,True,True,False
590,True,B,True,True,False
591,True,A,True,True,False
592,True,B,False,False,False
593,True,A,False,False,False
594,True,A,False,False,False
595,True,A,False,False,False
596,True,A,True,False,False
597,True,B,True,True,False
598,True,B,True,True,False
599,True,B,False,False,False
600,True,B,False,False,False
601,True,B,False,False,False
602,True,A,False,False,False
603,True,A,False,False,False
604,True,A,True,True,False
605,True,B,False,False,False
606,False,B,,,
607,True,B,False,True,False
608,True,A,True,True,False
609,True,B,True,True,False
610,False,A,,,
611,False,B,,,
612,False,B,,,
613,False,A,,,
614,False,B,,,
615,False,A,,,
616,True,B,False,False,False
617,True,B,False,False,False
618,False,B,,,
619,True,B,False,False,False
620,True,A,True,True,False
621,True,A,True,True,False
622,True,A,True,True,False
623,True,B,True,True,False
624,True,A,True,True,False
625,True,A,True,True,False
626,True,A,True,True,False
627,True,B,True,True,False
628,True,A,True,True,False
629,True,A,True,True,False
630,True,B,True,True,False
631,True,A,True,True,False
632,False,B,,,
633,False,B,,,
634,False,B,,,
635,False,A,,,
636,False,B,,,
637,False,A,,,
638,False,A,,,
639,False,B,,,
640,False,A,,,
641,False,A,,,
642,False,B,,,
643,False,A,,,
644,False,A,,,
645,False,B,,,
646,False,B,,,
647,False,B,,,
648,True,A,False,False,False
649,True,A,False,False,False
650,True,A,False,False,False
651,True,B,False,False,False
652,True,A,False,False,False
653,True,B,False,False,False
654,True,B,False,False,False
655,True,A,False,False,False
656,True,A,False,False,False
657,True,B,False,False,False
658,True,A,False,False,False
659,True,A,False,False,False
660,False,A,,,
661,False,B,,,
662,True,A,True,True,False
663,False,B,,,
664,True,A,False,False,False
665,True,A,False,False,False
666,True,A,False,False,False
667,True,A,False,False,False
668,True,B,False,False,False
669,True,B,False,False,False
670,True,A,False,False,False
671,True,A,False,False,False
672,True,B,True,True,False
673,True,A,True,True,False
674,False,B,,,
675,True,B,False,True,False
676,False,A,,,
677,False,B,,,
678,False,B,,,
679,False,B,,,
680,True,B,False,False,False
681,True,B,False,False,False
682,True,B,False,False,False
683,True,B,False,False,False
684,True,B,False,False,False
685,True,B,False,False,False
686,True,B,False,False,False
687,True,B,False,False,False
688,True,A,True,True,False
689,True,A,False,False,False
690,True,A,False,False,False
691,True,A,False,False,False
692,False,A,,,
693,False,B,,,
694,False,B,,,
695,False,A,,,
696,True,A,False,False,False
697,True,B,False,False,False
698,True,B,False,False,False
699,True,B,False,False,False
700,False,B,,,
701,False,B,,,
702,False,B,,,
703,False,A,,,
704,True,B,True,True,False
705,True,A,True,True,False
706,True,B,True,True,False
707,True,A,True,True,False
708,True,B,False,True,False
709,True,B,False,False,False
710,True,A,True,True,False
711,True,B,False,False,False
712,True,B,False,False,False
713,True,A,False,False,False
714,True,A,False,False,False
715,True,A,False,False,False
716,False,B,,,
717,False,B,,,
718,False,B,,,
719,False,A,,,
720,True,A,True,True,False
721,True,A,True,True,False
722,True,B,True,True,False
723,True,A,True,True,False
724,False,A,,,
725,False,B,,,
726,True,A,True,True,False
727,False,B,,,
728,False,A,,,
729,False,B,,,
730,False,A,,,
731,False,B,,,
732,True,B,True,True,False
733,False,A,,,
734,False,A,,,
735,False,A,,,
736,True,A,True,True,False
737,True,B,True,True,False
738,True,A,True,True,False
739,True,B,True,True,False
740,True,B,False,False,False
741,False,A,,,
742,True,B,False,False,False
743,True,A,False,False,False
744,False,A,,,
745,False,B,,,
746,False,A,,,
747,False,B,,,
748,True,A,False,False,False
749,True,A,False,False,False
750,True,A,False,False,False
751,True,B,False,False,False
752,False,B,,,
753,False,B,,,
754,False,A,,,
755,False,A,,,
756,False,A,,,
757,False,B,,,
758,False,A,,,
759,False,B,,,
760,False,A,,,
761,False,A,,,
762,False,A,,,
763,True,B,True,True,False
764,True,A,True,True,False
765,True,A,True,True,False
766,False,A,,,
767,True,B,True,True,False
768,True,B,False,False,False
769,True,B,False,False,False
770,True,B,False,False,False
771,True,B,False,False,False
772,False,B,,,
773,False,B,,,
774,False,B,,,
775,False,B,,,
776,False,A,,,
777,False,A,,,
778,False,B,,,
779,False,B,,,
780,False,A,,,
781,False,B,,,
782,False,B,,,
783,False,A,,,
784,True,A,False,False,False
785,True,B,False,False,False
786,True,A,False,False,False
787,True,A,False,False,False
788,False,B,,,
789,False,B,,,
790,False,A,,,
791,False,A,,,
792,False,B,,,
793,False,B,,,
794,False,A,,,
795,False,A,,,
796,True,A,False,False,False
797,True,B,False,False,False
798,True,A,False,False,False
799,True,B,False,False,False
