prompt_id,example_id,pca_auc,norm_auc,pca_top2_correct,norm_top2_correct,target_overlap,matched_overlap_mean
5a8f20d655429924144829dc::working_set_pack_a,5a8f20d655429924144829dc,1.0,1.0,True,True,0.17293659924525281,0.13662448750294626
5a8f20d655429924144829dc::working_set_pack_b,5a8f20d655429924144829dc,1.0,1.0,True,True,0.17293659924525281,0.14343565615255582
5a8f20d655429924144829dc::active_set_pack_b,5a8f20d655429924144829dc,1.0,1.0,True,True,0.17293659924525281,0.1493004849487971
5ae70f035542991bbc9761b1::active_set_pack_a,5ae70f035542991bbc9761b1,1.0,1.0,True,True,0.1580952217312059,0.06177243553762861
5ae70f035542991bbc9761b1::working_set_pack_b,5ae70f035542991bbc9761b1,1.0,1.0,True,True,0.1580952217312059,0.06092655709892645
5a7a0d665542990783324e14::working_set_pack_a,5a7a0d665542990783324e14,1.0,0.625,True,False,0.12122722685116363,0.08653069511033573
5a7a0d665542990783324e14::working_set_pack_b,5a7a0d665542990783324e14,1.0,0.5,True,False,0.12122722685116363,0.0869361350363962
5ab373d6554299233954ff53::working_set_pack_a,5ab373d6554299233954ff53,1.0,1.0,True,True,0.12058197523825573,0.049596975090310386
5ab373d6554299233954ff53::active_set_pack_a,5ab373d6554299233954ff53,1.0,0.75,True,False,0.12058197523825573,0.04936391771432741
5ab373d6554299233954ff53::active_set_pack_b,5ab373d6554299233954ff53,1.0,1.0,True,True,0.12058197523825573,0.049600294288890026
5ab3f9b95542992ade7c6f09::working_set_pack_b,5ab3f9b95542992ade7c6f09,1.0,0.75,True,False,0.2435130775575052,0.05711101161524957
5a7317535542994cef4bc450::active_set_pack_b,5a7317535542994cef4bc450,0.875,0.625,False,False,0.10690434726110665,0.06264940183631675
5a8113ca55429938b61422ab::active_set_pack_a,5a8113ca55429938b61422ab,1.0,1.0,True,True,0.1660100277271075,0.0
5a7d549f5542991319bc93ad::active_set_pack_a,5a7d549f5542991319bc93ad,1.0,0.75,True,False,0.06666612435518425,0.038566226396043936
5a7fb04d55429969796c1b24::working_set_pack_a,5a7fb04d55429969796c1b24,1.0,0.75,True,False,0.13316431380634122,0.08649261959645568
5a7fb04d55429969796c1b24::active_set_pack_a,5a7fb04d55429969796c1b24,0.875,1.0,False,True,0.13316431380634122,0.06311324910202488
5a7fb04d55429969796c1b24::working_set_pack_b,5a7fb04d55429969796c1b24,1.0,1.0,True,True,0.13316431380634122,0.14362845281603062
5a7fb04d55429969796c1b24::active_set_pack_b,5a7fb04d55429969796c1b24,1.0,0.875,True,False,0.13316431380634122,0.1285008991424607
5a764234554299109176e6e6::working_set_pack_a,5a764234554299109176e6e6,0.875,0.875,False,False,0.20236047242986965,0.04512476924887551
5a8e8fc75542990e94052b57::active_set_pack_a,5a8e8fc75542990e94052b57,1.0,1.0,True,True,0.13470097253623545,0.05219150520773391
5a8e8fc75542990e94052b57::active_set_pack_b,5a8e8fc75542990e94052b57,1.0,1.0,True,True,0.13470097253623545,0.047477987955586
5a8844135542994846c1ce77::working_set_pack_a,5a8844135542994846c1ce77,1.0,0.75,True,False,0.11492075812826616,0.07672590958185291
5a8844135542994846c1ce77::active_set_pack_a,5a8844135542994846c1ce77,1.0,0.75,True,False,0.11492075812826616,0.056916058002940306
5a8844135542994846c1ce77::working_set_pack_b,5a8844135542994846c1ce77,0.875,0.75,False,False,0.11492075812826616,0.05017396837519733
5a7929cf554299029c4b5f12::active_set_pack_a,5a7929cf554299029c4b5f12,0.75,0.75,False,False,0.549640361585731,0.08506797189789972
5a8a662755429930ff3c0dc5::active_set_pack_b,5a8a662755429930ff3c0dc5,1.0,1.0,True,True,0.19614481152641133,0.013515457695750228
5ae750175542997b22f6a6b6::active_set_pack_a,5ae750175542997b22f6a6b6,1.0,1.0,True,True,0.3656209372387399,0.08131922417758586
5ac3de5c5542995c82c4ac68::working_set_pack_a,5ac3de5c5542995c82c4ac68,1.0,0.875,True,False,0.1855662427007315,0.022444099280687326
5ac3de5c5542995c82c4ac68::working_set_pack_b,5ac3de5c5542995c82c4ac68,1.0,1.0,True,True,0.1855662427007315,0.03295392771914546
5a7db8d95542995ed0d16665::working_set_pack_a,5a7db8d95542995ed0d16665,1.0,0.625,True,False,0.2059140402294832,0.07011768042525007
5a7db8d95542995ed0d16665::active_set_pack_a,5a7db8d95542995ed0d16665,1.0,1.0,True,True,0.2059140402294832,0.06380279433154876
5a7db8d95542995ed0d16665::active_set_pack_b,5a7db8d95542995ed0d16665,1.0,1.0,True,True,0.2059140402294832,0.06600129772845963
5a832ee355429954d2e2ec4d::working_set_pack_b,5a832ee355429954d2e2ec4d,1.0,1.0,True,True,0.22656865661935255,0.042665874733259716
5abf82965542997719eab694::active_set_pack_a,5abf82965542997719eab694,1.0,0.75,True,False,0.23305625878572078,0.03797412791590317
5abf82965542997719eab694::working_set_pack_b,5abf82965542997719eab694,1.0,1.0,True,True,0.23305625878572078,0.04241906774642991
5abf82965542997719eab694::active_set_pack_b,5abf82965542997719eab694,1.0,1.0,True,True,0.23305625878572078,0.042203845508692155
5adecc6355429975fa854f9c::working_set_pack_a,5adecc6355429975fa854f9c,1.0,1.0,True,True,0.22567507033265635,0.021394068121812694
5adecc6355429975fa854f9c::working_set_pack_b,5adecc6355429975fa854f9c,0.875,0.625,False,False,0.22567507033265635,0.0228319392480924
5ab395c4554299233954ff5a::working_set_pack_a,5ab395c4554299233954ff5a,1.0,0.625,True,False,0.16419388874077476,0.04719772401907851
5ab8a17955429916710eb09e::working_set_pack_b,5ab8a17955429916710eb09e,1.0,0.875,True,False,0.15779486410016977,0.08884407908704542
5a760de1554299109176e63c::working_set_pack_a,5a760de1554299109176e63c,0.875,0.875,False,False,0.24014867432162668,0.07212653859272547
5a760de1554299109176e63c::active_set_pack_a,5a760de1554299109176e63c,1.0,1.0,True,True,0.24014867432162668,0.04571871773181007
5a760de1554299109176e63c::active_set_pack_b,5a760de1554299109176e63c,1.0,1.0,True,True,0.24014867432162668,0.056611653053549336
5ab31d43554299233954ff0e::working_set_pack_b,5ab31d43554299233954ff0e,1.0,1.0,True,True,0.11348431671534111,0.09097077892065158
5a7626bd554299109176e678::working_set_pack_a,5a7626bd554299109176e678,0.875,0.75,False,False,0.08406479560897823,0.04788648487989601
5a7626bd554299109176e678::active_set_pack_a,5a7626bd554299109176e678,0.875,0.75,False,False,0.08406479560897823,0.04066369076786139
5a7626bd554299109176e678::working_set_pack_b,5a7626bd554299109176e678,0.875,0.625,False,False,0.08406479560897823,0.040489301568578245
5a7626bd554299109176e678::active_set_pack_b,5a7626bd554299109176e678,1.0,0.75,True,False,0.08406479560897823,0.037372369874432335
5a7150665542994082a3e7bb::working_set_pack_b,5a7150665542994082a3e7bb,1.0,0.5,True,False,0.41007024426896577,0.02169050484944109
5a89eca455429946c8d6ea11::active_set_pack_a,5a89eca455429946c8d6ea11,1.0,0.875,True,False,0.2244677815123675,0.048527998860651435
5abaf3385542996cc5e49f2f::working_set_pack_a,5abaf3385542996cc5e49f2f,1.0,0.75,True,False,0.28528608106653675,0.09828744407475049
5abaf3385542996cc5e49f2f::active_set_pack_a,5abaf3385542996cc5e49f2f,0.875,1.0,False,True,0.28528608106653675,0.08719517230654003
5abaf3385542996cc5e49f2f::working_set_pack_b,5abaf3385542996cc5e49f2f,1.0,1.0,True,True,0.28528608106653675,0.10018250489116791
5abaf3385542996cc5e49f2f::active_set_pack_b,5abaf3385542996cc5e49f2f,1.0,1.0,True,True,0.28528608106653675,0.09667155245043343
5ae55c2b5542992663a4f1e4::active_set_pack_a,5ae55c2b5542992663a4f1e4,1.0,0.875,True,False,0.2296047010055618,0.058824911973427846
5a8ce61555429941ae14df36::active_set_pack_a,5a8ce61555429941ae14df36,1.0,1.0,True,True,0.13355061872443214,0.01899497132982818
5a8ce61555429941ae14df36::active_set_pack_b,5a8ce61555429941ae14df36,1.0,0.875,True,False,0.13355061872443214,0.0
5aba8365554299232ef4a319::working_set_pack_a,5aba8365554299232ef4a319,1.0,0.875,True,False,0.16953568941199176,0.054463355417199
5ab56b71554299637185c586::working_set_pack_b,5ab56b71554299637185c586,1.0,1.0,True,True,0.19340067245774661,0.15485356721469298
5adc36475542996e685252e1::working_set_pack_b,5adc36475542996e685252e1,1.0,0.75,True,False,0.3660183209645128,0.11461930768752651
5adc36475542996e685252e1::active_set_pack_b,5adc36475542996e685252e1,1.0,0.5,True,False,0.3660183209645128,0.14983019607158865
5a740aa955429974ef308ba3::working_set_pack_a,5a740aa955429974ef308ba3,1.0,0.625,True,False,0.27455954298132595,0.11482063411478971
5a740aa955429974ef308ba3::active_set_pack_b,5a740aa955429974ef308ba3,1.0,0.75,True,False,0.27455954298132595,0.1117407598789348
5ac25c4a55429951e9e6857f::active_set_pack_a,5ac25c4a55429951e9e6857f,1.0,1.0,True,True,0.10270231040503432,0.08041965764973788
5ac25c4a55429951e9e6857f::active_set_pack_b,5ac25c4a55429951e9e6857f,1.0,1.0,True,True,0.10270231040503432,0.07592083571514377
5ae79c2b5542993210983eae::active_set_pack_a,5ae79c2b5542993210983eae,1.0,0.625,True,False,0.32996823550125465,0.06596450735472324
5a8906515542993b751ca8f0::active_set_pack_a,5a8906515542993b751ca8f0,1.0,1.0,True,True,0.06863592861971517,0.04808638995319471
5ab51c455542990594ba9d0a::working_set_pack_a,5ab51c455542990594ba9d0a,1.0,1.0,True,True,0.13818063486659876,0.06450545240691707
5ab51c455542990594ba9d0a::active_set_pack_a,5ab51c455542990594ba9d0a,0.875,1.0,False,True,0.13818063486659876,0.06706317956964036
5ab51c455542990594ba9d0a::active_set_pack_b,5ab51c455542990594ba9d0a,0.875,1.0,False,True,0.13818063486659876,0.09834130914927909
5ae12f915542997b2ef7d11f::working_set_pack_a,5ae12f915542997b2ef7d11f,1.0,0.875,True,False,0.24209524438938904,0.05788841737912886
5ae12f915542997b2ef7d11f::active_set_pack_a,5ae12f915542997b2ef7d11f,0.75,0.625,False,False,0.24209524438938904,0.04450925117598742
5ae12f915542997b2ef7d11f::working_set_pack_b,5ae12f915542997b2ef7d11f,0.75,0.625,False,False,0.24209524438938904,0.06776718763535451
5a74a7bf55429929fddd8494::working_set_pack_a,5a74a7bf55429929fddd8494,1.0,0.625,True,False,0.09550558509485758,0.09539927124745977
5a89a59555429946c8d6e97e::active_set_pack_b,5a89a59555429946c8d6e97e,1.0,1.0,True,True,0.17395911669371694,0.04217524142960084
5abe37295542993f32c2a090::active_set_pack_a,5abe37295542993f32c2a090,1.0,1.0,True,True,0.18257624999997837,0.05692300930649994
5a764341554299109176e6e9::active_set_pack_a,5a764341554299109176e6e9,0.75,0.875,False,False,0.13786510061034762,0.0791080309737636
5a764341554299109176e6e9::working_set_pack_b,5a764341554299109176e6e9,0.875,0.875,False,False,0.13786510061034762,0.09426887180017074
5a764341554299109176e6e9::active_set_pack_b,5a764341554299109176e6e9,0.875,0.875,False,False,0.13786510061034762,0.09169771692216609
5ae3aebf5542992f92d8233d::active_set_pack_b,5ae3aebf5542992f92d8233d,1.0,1.0,True,True,0.08445098647443205,0.04760955883579657
5a7b5e55554299042af8f755::working_set_pack_b,5a7b5e55554299042af8f755,1.0,1.0,True,True,0.16831061979015324,0.04602109756601764
5adca6c05542994d58a2f696::working_set_pack_b,5adca6c05542994d58a2f696,1.0,1.0,True,True,0.061198393148260546,0.04061033554534183
5ac16fca5542994ab5c67d32::working_set_pack_b,5ac16fca5542994ab5c67d32,1.0,1.0,True,True,0.2249694704525895,0.052024164054504454
5a734c425542994cef4bc514::active_set_pack_a,5a734c425542994cef4bc514,0.875,0.625,False,False,0.09015286494887426,0.041581399747237215
5a734c425542994cef4bc514::active_set_pack_b,5a734c425542994cef4bc514,0.75,0.875,False,False,0.09015286494887426,0.05410886709981435
5ae3e5f55542996836b02beb::working_set_pack_b,5ae3e5f55542996836b02beb,1.0,0.75,True,False,0.4482078289667894,0.1545326326949436
5ac25b125542992f1f2b3872::active_set_pack_b,5ac25b125542992f1f2b3872,1.0,1.0,True,True,0.3515434135502995,0.04040288246193015
