idx,bl_correct,alpha_0.00_correct,alpha_0.25_correct,alpha_0.50_correct,alpha_0.75_correct,alpha_1.00_correct
0,True,False,False,True,True,True
1,True,False,True,True,True,True
2,True,False,True,True,True,True
3,True,False,False,True,True,True
4,True,True,True,True,True,True
5,False,,,,,
6,True,True,True,True,True,True
7,True,True,True,True,True,True
8,True,True,True,True,True,True
9,True,True,True,True,True,True
10,True,True,True,True,True,True
11,True,True,True,True,True,True
12,True,True,True,True,True,True
13,False,,,,,
14,True,True,True,True,True,True
15,True,True,True,True,True,True
16,False,,,,,
17,False,,,,,
18,False,,,,,
19,False,,,,,
20,True,True,True,True,True,True
21,True,True,True,True,True,True
22,True,True,True,True,True,True
23,True,True,True,True,True,True
24,True,True,True,True,True,True
25,True,True,True,True,True,True
26,True,True,True,True,True,True
27,True,True,True,True,True,True
28,False,,,,,
29,False,,,,,
30,True,False,False,True,True,True
31,False,,,,,
32,True,False,False,True,True,True
33,False,,,,,
34,True,False,False,True,True,True
35,True,True,True,True,True,True
36,True,True,True,True,True,True
37,True,True,True,True,True,True
38,True,True,True,True,True,True
39,True,True,True,True,True,True
40,True,True,True,True,True,True
41,True,False,True,True,True,True
42,True,False,True,True,True,True
43,True,True,True,True,True,True
44,False,,,,,
45,False,,,,,
46,False,,,,,
47,False,,,,,
48,False,,,,,
49,True,False,False,False,False,True
50,False,,,,,
51,False,,,,,
52,True,False,False,False,True,True
53,True,True,True,True,True,True
54,False,,,,,
55,True,True,True,True,True,True
56,False,,,,,
57,False,,,,,
58,False,,,,,
59,False,,,,,
60,False,,,,,
61,False,,,,,
62,False,,,,,
63,False,,,,,
64,True,True,True,True,True,True
65,True,True,True,True,True,True
66,True,True,True,True,True,True
67,True,True,True,True,True,True
68,False,,,,,
69,False,,,,,
70,False,,,,,
71,False,,,,,
72,True,True,True,True,True,True
73,True,True,True,True,True,True
74,True,True,True,True,True,True
75,True,True,True,True,True,True
76,False,,,,,
77,False,,,,,
78,False,,,,,
79,False,,,,,
80,False,,,,,
81,False,,,,,
82,False,,,,,
83,False,,,,,
84,True,True,True,True,True,True
85,True,True,True,True,True,True
86,True,True,True,True,True,True
87,False,,,,,
88,False,,,,,
89,False,,,,,
90,False,,,,,
91,False,,,,,
92,True,False,False,False,False,True
93,True,False,False,False,False,True
94,True,False,False,False,False,True
95,True,False,False,False,True,True
96,True,False,False,True,True,True
97,True,False,False,True,True,True
98,True,False,True,True,True,True
99,True,False,False,True,True,True
100,False,,,,,
101,False,,,,,
102,False,,,,,
103,False,,,,,
104,True,True,True,True,True,True
105,True,True,True,True,True,True
106,True,True,True,True,True,True
107,True,True,True,True,True,True
108,True,False,False,False,True,True
109,True,False,False,True,True,True
110,True,False,False,False,True,True
111,True,False,False,False,True,True
112,True,True,True,True,True,True
113,True,True,True,True,True,True
114,True,True,True,True,True,True
115,True,True,True,True,True,True
116,True,True,True,True,True,True
117,True,True,True,True,True,True
118,True,False,True,True,True,True
119,True,False,False,True,True,True
120,False,,,,,
121,False,,,,,
122,False,,,,,
123,False,,,,,
124,False,,,,,
125,False,,,,,
126,False,,,,,
127,False,,,,,
128,False,,,,,
129,False,,,,,
130,False,,,,,
131,False,,,,,
132,False,,,,,
133,False,,,,,
134,False,,,,,
135,False,,,,,
136,False,,,,,
137,False,,,,,
138,False,,,,,
139,False,,,,,
140,False,,,,,
141,False,,,,,
142,False,,,,,
143,False,,,,,
144,False,,,,,
145,False,,,,,
146,False,,,,,
147,False,,,,,
148,True,False,True,True,True,True
149,True,False,True,True,True,True
150,True,True,True,True,True,True
151,True,False,True,True,True,True
152,True,True,True,True,True,True
153,False,,,,,
154,True,True,True,True,True,True
155,True,True,True,True,True,True
156,True,True,True,True,True,True
157,True,True,True,True,True,True
158,True,False,False,True,True,True
159,True,True,True,True,True,True
160,True,True,True,True,True,True
161,True,True,True,True,True,True
162,True,True,True,True,True,True
163,True,True,True,True,True,True
164,False,,,,,
165,False,,,,,
166,False,,,,,
167,False,,,,,
168,False,,,,,
169,False,,,,,
170,False,,,,,
171,False,,,,,
172,True,False,True,True,True,True
173,True,False,True,True,True,True
174,True,False,False,True,True,True
175,False,,,,,
176,True,True,True,True,True,True
177,True,True,True,True,True,True
178,True,True,True,True,True,True
179,True,True,True,True,True,True
180,True,True,True,True,True,True
181,True,True,True,True,True,True
182,True,True,True,True,True,True
183,True,True,True,True,True,True
184,True,True,True,True,True,True
185,True,True,True,True,True,True
186,True,True,True,True,True,True
187,True,True,True,True,True,True
188,False,,,,,
189,False,,,,,
190,False,,,,,
191,False,,,,,
192,True,True,True,True,True,True
193,True,True,True,True,True,True
194,True,True,True,True,True,True
195,True,False,True,True,True,True
196,False,,,,,
197,False,,,,,
198,False,,,,,
199,False,,,,,
200,True,True,True,True,True,True
201,True,True,True,True,True,True
202,True,True,True,True,True,True
203,True,True,True,True,True,True
204,False,,,,,
205,False,,,,,
206,False,,,,,
207,False,,,,,
208,True,True,True,True,True,True
209,True,True,True,True,True,True
210,True,True,True,True,True,True
211,True,True,True,True,True,True
212,True,True,True,True,True,True
213,True,True,True,True,True,True
214,True,True,True,True,True,True
215,True,True,True,True,True,True
216,False,,,,,
217,False,,,,,
218,False,,,,,
219,False,,,,,
220,True,True,True,True,True,True
221,True,True,True,True,True,True
222,True,True,True,True,True,True
223,True,True,True,True,True,True
224,True,False,False,False,True,True
225,True,False,False,False,False,True
226,False,,,,,
227,False,,,,,
228,False,,,,,
229,False,,,,,
230,False,,,,,
231,False,,,,,
232,True,True,True,True,True,True
233,False,,,,,
234,True,True,True,True,True,True
235,True,True,True,True,True,True
236,True,False,False,True,True,True
237,True,False,False,True,True,True
238,True,False,False,True,True,True
239,True,False,False,False,True,True
240,True,True,True,True,True,True
241,True,True,True,True,True,True
242,True,True,True,True,True,True
243,True,True,True,True,True,True
244,True,False,False,True,True,True
245,True,False,False,False,True,True
246,False,,,,,
247,True,False,False,False,True,True
248,True,False,False,False,False,True
249,True,False,False,False,False,True
250,True,False,False,False,True,True
251,True,False,False,False,True,True
252,True,False,True,True,True,True
253,True,False,True,True,True,True
254,True,False,True,True,True,True
255,True,True,True,True,True,True
256,True,True,True,True,True,True
257,True,True,True,True,True,True
258,False,,,,,
259,True,True,True,True,True,True
260,True,False,False,True,True,True
261,False,,,,,
262,True,True,True,True,True,True
263,True,True,True,True,True,True
264,True,True,True,True,True,True
265,True,True,True,True,True,True
266,True,True,True,True,True,True
267,True,True,True,True,True,True
268,False,,,,,
269,False,,,,,
270,False,,,,,
271,False,,,,,
272,True,True,True,True,True,True
273,True,True,True,True,True,True
274,True,True,True,True,True,True
275,True,True,True,True,True,True
276,False,,,,,
277,False,,,,,
278,False,,,,,
279,False,,,,,
280,False,,,,,
281,True,False,False,False,False,True
282,False,,,,,
283,False,,,,,
284,True,True,True,True,True,True
285,True,True,True,True,True,True
286,True,False,True,True,True,True
287,True,True,True,True,True,True
288,True,True,True,True,True,True
289,True,True,True,True,True,True
290,True,True,True,True,True,True
291,True,True,True,True,True,True
292,True,False,False,True,True,True
293,True,False,False,False,False,True
294,True,False,False,True,True,True
295,False,,,,,
296,True,False,True,True,True,True
297,True,False,True,True,True,True
298,True,False,True,True,True,True
299,True,False,True,True,True,True
300,True,True,True,True,True,True
301,True,True,True,True,True,True
302,False,,,,,
303,True,True,True,True,True,True
304,True,False,True,True,True,True
305,True,True,True,True,True,True
306,False,,,,,
307,True,True,True,True,True,True
308,True,False,True,True,True,True
309,True,False,False,True,True,True
310,True,False,True,True,True,True
311,True,True,True,True,True,True
312,True,True,True,True,True,True
313,True,True,True,True,True,True
314,True,False,True,True,True,True
315,True,False,True,True,True,True
316,False,,,,,
317,False,,,,,
318,False,,,,,
319,False,,,,,
320,False,,,,,
321,False,,,,,
322,False,,,,,
323,False,,,,,
324,False,,,,,
325,False,,,,,
326,True,True,True,True,True,True
327,True,False,True,True,True,True
328,False,,,,,
329,False,,,,,
330,False,,,,,
331,False,,,,,
332,False,,,,,
333,False,,,,,
334,False,,,,,
335,False,,,,,
336,False,,,,,
337,False,,,,,
338,False,,,,,
339,False,,,,,
340,True,False,True,True,True,True
341,True,False,True,True,True,True
342,True,False,True,True,True,True
343,True,False,True,True,True,True
344,True,True,True,True,True,True
345,True,True,True,True,True,True
346,True,True,True,True,True,True
347,True,True,True,True,True,True
348,True,True,True,True,True,True
349,True,True,True,True,True,True
350,True,True,True,True,True,True
351,True,True,True,True,True,True
352,True,True,True,True,True,True
353,True,True,True,True,True,True
354,True,True,True,True,True,True
355,True,True,True,True,True,True
356,False,,,,,
357,False,,,,,
358,False,,,,,
359,False,,,,,
360,True,False,False,False,False,True
361,True,False,False,False,False,True
362,False,,,,,
363,False,,,,,
364,True,True,True,True,True,True
365,True,True,True,True,True,True
366,True,True,True,True,True,True
367,True,True,True,True,True,True
368,False,,,,,
369,False,,,,,
370,False,,,,,
371,True,True,True,True,True,True
372,True,True,True,True,True,True
373,True,True,True,True,True,True
374,True,True,True,True,True,True
375,True,True,True,True,True,True
376,True,True,True,True,True,True
377,True,True,True,True,True,True
378,True,True,True,True,True,True
379,True,True,True,True,True,True
380,False,,,,,
381,False,,,,,
382,False,,,,,
383,False,,,,,
384,True,False,True,True,True,True
385,True,False,True,True,True,True
386,True,False,True,True,True,True
387,True,True,True,True,True,True
388,True,False,False,True,True,True
389,True,False,False,False,True,True
390,True,False,False,False,True,True
391,True,False,False,False,False,True
392,True,True,True,True,True,True
393,True,True,True,True,True,True
394,True,True,True,True,True,True
395,True,True,True,True,True,True
396,False,,,,,
397,False,,,,,
398,False,,,,,
399,False,,,,,
400,False,,,,,
401,False,,,,,
402,False,,,,,
403,False,,,,,
404,True,True,True,True,True,True
405,True,True,True,True,True,True
406,True,False,True,True,True,True
407,True,False,True,True,True,True
408,False,,,,,
409,False,,,,,
410,True,False,False,False,False,True
411,True,False,False,False,True,True
412,True,True,True,True,True,True
413,True,True,True,True,True,True
414,True,False,True,True,True,True
415,True,True,True,True,True,True
416,True,True,True,True,True,True
417,True,True,True,True,True,True
418,True,True,True,True,True,True
419,True,True,True,True,True,True
420,True,False,False,True,True,True
421,True,False,False,False,True,True
422,True,False,False,True,True,True
423,True,False,False,True,True,True
424,True,True,True,True,True,True
425,True,True,True,True,True,True
426,True,True,True,True,True,True
427,True,True,True,True,True,True
428,True,True,True,True,True,True
429,True,True,True,True,True,True
430,True,True,True,True,True,True
431,True,True,True,True,True,True
432,True,True,True,True,True,True
433,True,True,True,True,True,True
434,True,True,True,True,True,True
435,True,True,True,True,True,True
436,False,,,,,
437,False,,,,,
438,False,,,,,
439,False,,,,,
440,False,,,,,
441,False,,,,,
442,False,,,,,
443,False,,,,,
444,False,,,,,
445,False,,,,,
446,False,,,,,
447,False,,,,,
448,False,,,,,
449,False,,,,,
450,False,,,,,
451,False,,,,,
452,False,,,,,
453,False,,,,,
454,False,,,,,
455,False,,,,,
456,True,True,True,True,True,True
457,True,True,True,True,True,True
458,True,True,True,True,True,True
459,True,False,True,True,True,True
460,False,,,,,
461,False,,,,,
462,False,,,,,
463,False,,,,,
464,False,,,,,
465,True,True,True,True,True,True
466,False,,,,,
467,True,True,True,True,True,True
468,False,,,,,
469,False,,,,,
470,False,,,,,
471,False,,,,,
472,True,False,False,True,True,True
473,True,False,False,True,True,True
474,True,False,True,True,True,True
475,True,False,False,True,True,True
476,True,False,False,False,True,True
477,True,False,False,False,False,True
478,True,False,False,False,True,True
479,True,False,False,False,True,True
480,True,True,True,True,True,True
481,True,True,True,True,True,True
482,True,True,True,True,True,True
483,True,True,True,True,True,True
484,True,True,True,True,True,True
485,True,True,True,True,True,True
486,True,True,True,True,True,True
487,True,True,True,True,True,True
488,False,,,,,
489,False,,,,,
490,False,,,,,
491,False,,,,,
492,True,True,False,False,True,True
493,False,,,,,
494,True,False,True,True,True,True
495,False,,,,,
496,True,True,True,True,True,True
497,True,True,True,True,True,True
498,True,True,True,True,True,True
499,True,True,True,True,True,True
500,False,,,,,
501,False,,,,,
502,False,,,,,
503,False,,,,,
504,True,False,False,False,True,True
505,True,False,True,True,True,True
506,False,,,,,
507,True,True,True,True,True,True
508,False,,,,,
509,False,,,,,
510,False,,,,,
511,False,,,,,
512,False,,,,,
513,True,True,True,True,True,True
514,False,,,,,
515,True,False,False,True,True,True
516,True,True,True,True,True,True
517,True,True,True,True,True,True
518,True,True,True,True,True,True
519,True,True,True,True,True,True
520,False,,,,,
521,False,,,,,
522,False,,,,,
523,False,,,,,
524,True,True,True,True,True,True
525,False,,,,,
526,False,,,,,
527,False,,,,,
528,False,,,,,
529,True,True,True,True,True,True
530,True,True,True,True,True,True
531,False,,,,,
532,False,,,,,
533,False,,,,,
534,True,True,True,True,True,True
535,True,True,True,True,True,True
536,True,False,True,True,True,True
537,True,False,False,False,False,True
538,True,False,False,False,False,True
539,True,False,False,False,False,True
540,False,,,,,
541,False,,,,,
542,False,,,,,
543,False,,,,,
544,False,,,,,
545,False,,,,,
546,False,,,,,
547,False,,,,,
548,False,,,,,
549,False,,,,,
550,False,,,,,
551,False,,,,,
552,False,,,,,
553,False,,,,,
554,False,,,,,
555,False,,,,,
556,True,True,True,True,True,True
557,True,True,True,True,True,True
558,True,True,True,True,True,True
559,True,True,True,True,True,True
560,True,True,True,True,True,True
561,True,True,True,True,True,True
562,True,True,True,True,True,True
563,True,True,True,True,True,True
564,True,False,True,True,True,True
565,True,False,True,True,True,True
566,True,False,True,True,True,True
567,True,False,True,True,True,True
568,True,True,True,True,True,True
569,True,True,True,True,True,True
570,True,True,True,True,True,True
571,True,True,True,True,True,True
572,True,False,False,True,True,True
573,True,False,False,True,True,True
574,True,True,True,True,True,True
575,True,True,True,True,True,True
576,True,False,True,True,True,True
577,True,True,True,True,True,True
578,True,False,True,True,True,True
579,True,False,True,True,True,True
580,True,True,True,True,True,True
581,True,False,True,True,True,True
582,True,True,True,True,True,True
583,True,True,True,True,True,True
584,False,,,,,
585,False,,,,,
586,False,,,,,
587,False,,,,,
588,True,True,True,True,True,True
589,True,True,True,True,True,True
590,True,True,True,True,True,True
591,True,True,True,True,True,True
592,False,,,,,
593,False,,,,,
594,False,,,,,
595,False,,,,,
596,True,True,True,True,True,True
597,True,True,True,True,True,True
598,False,,,,,
599,True,True,True,True,True,True
600,False,,,,,
601,False,,,,,
602,False,,,,,
603,False,,,,,
604,False,,,,,
605,False,,,,,
606,False,,,,,
607,False,,,,,
608,True,True,True,True,True,True
609,True,True,True,True,True,True
610,True,False,False,True,True,True
611,True,False,True,True,True,True
612,False,,,,,
613,True,True,True,True,True,True
614,False,,,,,
615,False,,,,,
616,False,,,,,
617,False,,,,,
618,False,,,,,
619,False,,,,,
620,True,False,True,True,True,True
621,True,True,True,True,True,True
622,True,False,True,True,True,True
623,True,True,True,True,True,True
624,True,True,True,True,True,True
625,True,True,True,True,True,True
626,True,True,True,True,True,True
627,True,True,True,True,True,True
628,True,True,True,True,True,True
629,True,True,True,True,True,True
630,True,True,True,True,True,True
631,True,True,True,True,True,True
632,False,,,,,
633,False,,,,,
634,False,,,,,
635,False,,,,,
636,False,,,,,
637,False,,,,,
638,False,,,,,
639,False,,,,,
640,True,True,True,True,True,True
641,True,True,True,True,True,True
642,True,False,True,True,True,True
643,True,True,True,True,True,True
644,True,True,True,True,True,True
645,True,True,True,True,True,True
646,True,True,True,True,True,True
647,True,True,True,True,True,True
648,False,,,,,
649,False,,,,,
650,False,,,,,
651,False,,,,,
652,True,False,True,True,True,True
653,True,False,True,True,True,True
654,True,False,True,True,True,True
655,True,False,True,True,True,True
656,False,,,,,
657,False,,,,,
658,False,,,,,
659,False,,,,,
660,True,True,True,True,True,True
661,True,True,True,True,True,True
662,True,True,True,True,True,True
663,True,True,True,True,True,True
664,True,True,True,True,True,True
665,True,True,True,True,False,True
666,True,True,True,True,True,True
667,True,True,True,True,True,True
668,True,True,True,True,True,True
669,True,False,True,True,True,True
670,True,True,True,True,True,True
671,True,True,True,True,True,True
672,True,True,True,True,True,True
673,True,True,True,True,True,True
674,True,True,True,True,True,True
675,True,True,True,True,True,True
676,False,,,,,
677,False,,,,,
678,False,,,,,
679,False,,,,,
680,True,False,True,True,True,True
681,True,False,True,True,True,True
682,True,True,True,True,True,True
683,True,False,True,True,True,True
684,False,,,,,
685,False,,,,,
686,False,,,,,
687,False,,,,,
688,False,,,,,
689,False,,,,,
690,True,True,True,True,True,True
691,False,,,,,
692,False,,,,,
693,False,,,,,
694,False,,,,,
695,False,,,,,
696,False,,,,,
697,False,,,,,
698,False,,,,,
699,False,,,,,
700,False,,,,,
701,False,,,,,
702,False,,,,,
703,True,True,True,True,True,True
704,True,True,True,True,True,True
705,True,True,True,True,True,True
706,True,True,True,True,True,True
707,True,True,True,True,True,True
708,True,False,False,True,True,True
709,True,False,False,True,True,True
710,True,False,False,False,True,True
711,True,False,False,False,False,True
712,True,True,True,True,True,True
713,True,True,True,True,True,True
714,True,True,True,True,True,True
715,True,True,True,True,True,True
716,False,,,,,
717,False,,,,,
718,False,,,,,
719,False,,,,,
720,False,,,,,
721,False,,,,,
722,True,True,True,True,True,True
723,True,True,True,True,False,True
724,False,,,,,
725,False,,,,,
726,False,,,,,
727,False,,,,,
728,True,True,True,True,True,True
729,True,True,True,True,True,True
730,True,True,True,True,True,True
731,True,True,True,True,True,True
732,True,False,True,True,True,True
733,True,False,True,True,True,True
734,False,,,,,
735,True,False,False,True,True,True
736,True,True,True,True,True,True
737,True,True,True,True,True,True
738,True,True,True,True,True,True
739,True,True,True,True,True,True
740,False,,,,,
741,False,,,,,
742,False,,,,,
743,False,,,,,
744,False,,,,,
745,False,,,,,
746,False,,,,,
747,False,,,,,
748,True,True,True,True,True,True
749,True,True,True,True,True,True
750,True,True,True,True,True,True
751,True,True,True,True,True,True
752,True,True,True,True,True,True
753,True,True,True,True,True,True
754,True,True,True,True,True,True
755,True,True,True,True,True,True
756,True,True,True,True,True,True
757,True,True,True,True,True,True
758,True,True,True,True,True,True
759,True,True,True,True,True,True
760,True,True,True,True,True,True
761,True,True,True,True,True,True
762,True,True,True,True,True,True
763,True,True,True,True,True,True
764,True,True,True,True,True,True
765,True,True,True,True,True,True
766,True,True,True,True,True,True
767,True,True,True,True,True,True
768,False,,,,,
769,False,,,,,
770,False,,,,,
771,False,,,,,
772,False,,,,,
773,False,,,,,
774,False,,,,,
775,False,,,,,
776,True,False,True,True,True,True
777,True,True,True,True,True,True
778,True,False,False,True,True,True
779,True,False,True,True,True,True
780,True,True,True,True,True,True
781,True,True,True,True,True,True
782,True,True,True,True,True,True
783,True,True,True,True,True,True
784,True,True,True,True,True,True
785,True,True,True,True,True,True
786,True,True,True,True,True,True
787,True,True,True,True,True,True
788,False,,,,,
789,False,,,,,
790,False,,,,,
791,False,,,,,
792,True,False,True,True,True,True
793,True,False,True,True,True,True
794,True,False,False,True,True,True
795,True,False,False,False,False,True
796,False,,,,,
797,False,,,,,
798,False,,,,,
799,False,,,,,
