case_name,cell,prompt_id,example_id,label,is_gold,pca_score,pca_rank,norm_score,norm_rank,pca_selected,norm_selected,title,text
main_llama8_orlando,llama_8b,5a7fb04d55429969796c1b24::active_set_pack_a,5a7fb04d55429969796c1b24,A,True,1.040842056274414,1,1.4150123596191406,2,True,True,Sleeping with Sirens,"Sleeping with Sirens is an American rock band from Orlando, Florida currently residing in Grand Rapids, Michigan."
main_llama8_orlando,llama_8b,5a7fb04d55429969796c1b24::active_set_pack_a,5a7fb04d55429969796c1b24,B,False,-0.9591763019561768,6,1.4308743476867676,1,False,True,Let's Cheers to This,The album is the first to feature guitarists Jesse Lawson and Jack Fowler.
main_llama8_orlando,llama_8b,5a7fb04d55429969796c1b24::active_set_pack_a,5a7fb04d55429969796c1b24,C,False,-0.16677029430866241,5,0.6161375641822815,4,False,False,Rancid (2000 album),It was the band's first album released through Hellcat.
main_llama8_orlando,llama_8b,5a7fb04d55429969796c1b24::active_set_pack_a,5a7fb04d55429969796c1b24,D,True,0.10641473531723022,2,0.8178999423980713,3,True,False,Let's Cheers to This,Let's Cheers to This is the second studio album by American post-hardcore band Sleeping with Sirens.
main_llama8_orlando,llama_8b,5a7fb04d55429969796c1b24::active_set_pack_a,5a7fb04d55429969796c1b24,E,False,-0.03779371827840805,4,0.3645481467247009,5,False,False,Rancid (2000 album),"It is the second eponymous album and was released on August 1, 2000, through frontman Tim Armstrong's label, Hellcat Records."
main_llama8_orlando,llama_8b,5a7fb04d55429969796c1b24::active_set_pack_a,5a7fb04d55429969796c1b24,F,False,0.01648455113172531,3,0.23098249733448029,6,False,False,Rancid (2000 album),Rancid (also known as Rancid 5 or Rancid 2000) is the eponymously titled fifth studio album by the American punk rock band Rancid.
bridge_llama8_prodigy,llama_8b,5abae247554299660624165c::active_set_pack_a,5abae247554299660624165c,A,False,-0.4176538288593292,5,0.6953362822532654,4,False,False,Animal Ambition,"Animal Ambition (released with the subtitle Animal Ambition: An Untamed Desire to Win) is the fifth studio album by American rapper 50 Cent, who also served as executive producer."
bridge_llama8_prodigy,llama_8b,5abae247554299660624165c::active_set_pack_a,5abae247554299660624165c,B,False,-0.5345946550369263,6,0.9781109094619751,3,False,False,Smoke (50 Cent song),"This is the only song of ""Animal Ambition"" that is produced by 50 Cent's longtime mentor Dr. Dre."
bridge_llama8_prodigy,llama_8b,5abae247554299660624165c::active_set_pack_a,5abae247554299660624165c,C,False,-0.253309428691864,3,0.4275449514389038,5,False,False,Smoke (50 Cent song),"The song features singer Trey Songz and is produced by Dr. Dre, Dawaun Parker and Mark Batson."
bridge_llama8_prodigy,llama_8b,5abae247554299660624165c::active_set_pack_a,5abae247554299660624165c,D,False,-0.3230021297931671,4,0.27739328145980835,6,False,False,Smoke (50 Cent song),"""Smoke"" is a song by American hip hop recording artist 50 Cent, released on March 31, 2014, as the fourth single from his fifth studio album ""Animal Ambition"" (2014)."
bridge_llama8_prodigy,llama_8b,5abae247554299660624165c::active_set_pack_a,5abae247554299660624165c,E,True,0.10278067737817764,2,1.3140233755111694,2,True,True,Animal Ambition,"The album features guest appearances from Yo Gotti, Trey Songz, Kidd Kidd, Jadakiss, Mr Probz, Guordan Banks, Prodigy, Schoolboy Q and Styles P."
bridge_llama8_prodigy,llama_8b,5abae247554299660624165c::active_set_pack_a,5abae247554299660624165c,F,True,1.4257792234420776,1,1.820601224899292,1,True,True,Prodigy (rapper),"Albert Johnson (November 2, 1974 – June 20, 2017), better known by his stage name Prodigy, was an American rapper, actor and author who was one half of the hip hop duo Mobb Deep with Havoc."
