example_id,prompt_id,auc,recovery,pca_selected,gold_labels
5adbf0a255429947ff17385a,5adbf0a255429947ff17385a::working_set_pack_a,0.875,0,"['A', 'B']","['A', 'F']"
5adbf0a255429947ff17385a,5adbf0a255429947ff17385a::active_set_pack_a,0.875,0,"['A', 'B']","['A', 'F']"
5adbf0a255429947ff17385a,5adbf0a255429947ff17385a::working_set_pack_b,1.0,1,"['A', 'F']","['A', 'F']"
5adbf0a255429947ff17385a,5adbf0a255429947ff17385a::active_set_pack_b,1.0,1,"['A', 'F']","['A', 'F']"
5abd94525542992ac4f382d2,5abd94525542992ac4f382d2::working_set_pack_a,1.0,1,"['A', 'E']","['A', 'E']"
5abd94525542992ac4f382d2,5abd94525542992ac4f382d2::active_set_pack_a,1.0,1,"['A', 'E']","['A', 'E']"
5abd94525542992ac4f382d2,5abd94525542992ac4f382d2::working_set_pack_b,1.0,1,"['A', 'E']","['A', 'E']"
5abd94525542992ac4f382d2,5abd94525542992ac4f382d2::active_set_pack_b,1.0,1,"['A', 'E']","['A', 'E']"
5ae0d4c9554299603e418468,5ae0d4c9554299603e418468::working_set_pack_a,1.0,1,"['B', 'E']","['B', 'E']"
5ae0d4c9554299603e418468,5ae0d4c9554299603e418468::active_set_pack_a,1.0,1,"['B', 'E']","['B', 'E']"
5ae0d4c9554299603e418468,5ae0d4c9554299603e418468::working_set_pack_b,1.0,1,"['B', 'E']","['B', 'E']"
5ae0d4c9554299603e418468,5ae0d4c9554299603e418468::active_set_pack_b,1.0,1,"['B', 'E']","['B', 'E']"
5ae6050f55429929b0807a5e,5ae6050f55429929b0807a5e::working_set_pack_a,0.75,0,"['C', 'E']","['D', 'E']"
5ae6050f55429929b0807a5e,5ae6050f55429929b0807a5e::active_set_pack_a,0.75,0,"['C', 'E']","['D', 'E']"
5ae6050f55429929b0807a5e,5ae6050f55429929b0807a5e::working_set_pack_b,0.75,0,"['C', 'E']","['D', 'E']"
5ae6050f55429929b0807a5e,5ae6050f55429929b0807a5e::active_set_pack_b,0.75,0,"['C', 'E']","['D', 'E']"
5ae2070a5542994d89d5b313,5ae2070a5542994d89d5b313::working_set_pack_a,0.25,0,"['B', 'F']","['C', 'D']"
5ae2070a5542994d89d5b313,5ae2070a5542994d89d5b313::active_set_pack_a,0.125,0,"['B', 'E']","['C', 'D']"
5ae2070a5542994d89d5b313,5ae2070a5542994d89d5b313::working_set_pack_b,0.5,0,"['B', 'E']","['C', 'D']"
5ae2070a5542994d89d5b313,5ae2070a5542994d89d5b313::active_set_pack_b,0.375,0,"['B', 'E']","['C', 'D']"
5adf37a95542995ec70e8f97,5adf37a95542995ec70e8f97::working_set_pack_a,0.625,0,"['A', 'B']","['A', 'D']"
5adf37a95542995ec70e8f97,5adf37a95542995ec70e8f97::active_set_pack_a,0.75,0,"['A', 'B']","['A', 'D']"
5adf37a95542995ec70e8f97,5adf37a95542995ec70e8f97::working_set_pack_b,0.875,0,"['A', 'B']","['A', 'D']"
5adf37a95542995ec70e8f97,5adf37a95542995ec70e8f97::active_set_pack_b,0.625,0,"['A', 'B']","['A', 'D']"
5abd259d55429924427fcf1a,5abd259d55429924427fcf1a::working_set_pack_a,0.625,0,"['A', 'C']","['A', 'B']"
5abd259d55429924427fcf1a,5abd259d55429924427fcf1a::active_set_pack_a,0.5,0,"['A', 'C']","['A', 'B']"
5abd259d55429924427fcf1a,5abd259d55429924427fcf1a::working_set_pack_b,0.625,0,"['A', 'C']","['A', 'B']"
5abd259d55429924427fcf1a,5abd259d55429924427fcf1a::active_set_pack_b,0.5,0,"['A', 'C']","['A', 'B']"
5ac23ff0554299636651994d,5ac23ff0554299636651994d::working_set_pack_a,0.75,0,"['B', 'F']","['D', 'F']"
5ac23ff0554299636651994d,5ac23ff0554299636651994d::active_set_pack_a,0.75,0,"['B', 'F']","['D', 'F']"
5ac23ff0554299636651994d,5ac23ff0554299636651994d::working_set_pack_b,0.875,0,"['B', 'D']","['D', 'F']"
5ac23ff0554299636651994d,5ac23ff0554299636651994d::active_set_pack_b,0.75,0,"['B', 'D']","['D', 'F']"
5ae4a3265542995ad6573de5,5ae4a3265542995ad6573de5::working_set_pack_a,0.875,0,"['C', 'F']","['C', 'E']"
5ae4a3265542995ad6573de5,5ae4a3265542995ad6573de5::active_set_pack_a,0.75,0,"['C', 'F']","['C', 'E']"
5ae4a3265542995ad6573de5,5ae4a3265542995ad6573de5::working_set_pack_b,0.875,0,"['C', 'F']","['C', 'E']"
5ae4a3265542995ad6573de5,5ae4a3265542995ad6573de5::active_set_pack_b,0.75,0,"['C', 'F']","['C', 'E']"
5abd90545542996e802b47d7,5abd90545542996e802b47d7::working_set_pack_a,1.0,1,"['D', 'F']","['D', 'F']"
5abd90545542996e802b47d7,5abd90545542996e802b47d7::active_set_pack_a,1.0,1,"['D', 'F']","['D', 'F']"
5abd90545542996e802b47d7,5abd90545542996e802b47d7::working_set_pack_b,1.0,1,"['D', 'F']","['D', 'F']"
5abd90545542996e802b47d7,5abd90545542996e802b47d7::active_set_pack_b,1.0,1,"['D', 'F']","['D', 'F']"
5ade025e5542997dc790711e,5ade025e5542997dc790711e::working_set_pack_a,0.875,0,"['C', 'D']","['C', 'F']"
5ade025e5542997dc790711e,5ade025e5542997dc790711e::active_set_pack_a,0.875,0,"['C', 'D']","['C', 'F']"
5ade025e5542997dc790711e,5ade025e5542997dc790711e::working_set_pack_b,0.875,0,"['C', 'D']","['C', 'F']"
5ade025e5542997dc790711e,5ade025e5542997dc790711e::active_set_pack_b,0.875,0,"['C', 'D']","['C', 'F']"
5ac2a5d455429921a00ab01b,5ac2a5d455429921a00ab01b::working_set_pack_a,0.75,0,"['C', 'E']","['B', 'E']"
5ac2a5d455429921a00ab01b,5ac2a5d455429921a00ab01b::active_set_pack_a,0.75,0,"['C', 'E']","['B', 'E']"
5ac2a5d455429921a00ab01b,5ac2a5d455429921a00ab01b::working_set_pack_b,0.75,0,"['C', 'E']","['B', 'E']"
5ac2a5d455429921a00ab01b,5ac2a5d455429921a00ab01b::active_set_pack_b,0.75,0,"['C', 'E']","['B', 'E']"
5adc1309554299438c868d3b,5adc1309554299438c868d3b::working_set_pack_a,1.0,1,"['D', 'F']","['D', 'F']"
5adc1309554299438c868d3b,5adc1309554299438c868d3b::active_set_pack_a,1.0,1,"['D', 'F']","['D', 'F']"
5adc1309554299438c868d3b,5adc1309554299438c868d3b::working_set_pack_b,1.0,1,"['D', 'F']","['D', 'F']"
5adc1309554299438c868d3b,5adc1309554299438c868d3b::active_set_pack_b,1.0,1,"['D', 'F']","['D', 'F']"
5adf732a5542993a75d264e9,5adf732a5542993a75d264e9::working_set_pack_a,0.875,0,"['B', 'D']","['A', 'B']"
5adf732a5542993a75d264e9,5adf732a5542993a75d264e9::active_set_pack_a,0.875,0,"['B', 'D']","['A', 'B']"
5adf732a5542993a75d264e9,5adf732a5542993a75d264e9::working_set_pack_b,0.625,0,"['B', 'D']","['A', 'B']"
5adf732a5542993a75d264e9,5adf732a5542993a75d264e9::active_set_pack_b,0.75,0,"['B', 'D']","['A', 'B']"
5ac2c3545542990b17b1548b,5ac2c3545542990b17b1548b::working_set_pack_a,1.0,1,"['A', 'D']","['A', 'D']"
5ac2c3545542990b17b1548b,5ac2c3545542990b17b1548b::active_set_pack_a,1.0,1,"['A', 'D']","['A', 'D']"
5ac2c3545542990b17b1548b,5ac2c3545542990b17b1548b::working_set_pack_b,1.0,1,"['A', 'D']","['A', 'D']"
5ac2c3545542990b17b1548b,5ac2c3545542990b17b1548b::active_set_pack_b,0.875,0,"['B', 'D']","['A', 'D']"
5ae3918b5542994393b9e709,5ae3918b5542994393b9e709::working_set_pack_a,1.0,1,"['C', 'E']","['C', 'E']"
5ae3918b5542994393b9e709,5ae3918b5542994393b9e709::active_set_pack_a,1.0,1,"['C', 'E']","['C', 'E']"
5ae3918b5542994393b9e709,5ae3918b5542994393b9e709::working_set_pack_b,1.0,1,"['C', 'E']","['C', 'E']"
5ae3918b5542994393b9e709,5ae3918b5542994393b9e709::active_set_pack_b,1.0,1,"['C', 'E']","['C', 'E']"
5ac061ab554299294b218fac,5ac061ab554299294b218fac::working_set_pack_a,0.875,0,"['D', 'F']","['B', 'D']"
5ac061ab554299294b218fac,5ac061ab554299294b218fac::active_set_pack_a,0.875,0,"['D', 'F']","['B', 'D']"
5ac061ab554299294b218fac,5ac061ab554299294b218fac::working_set_pack_b,0.875,0,"['D', 'F']","['B', 'D']"
5ac061ab554299294b218fac,5ac061ab554299294b218fac::active_set_pack_b,0.875,0,"['D', 'F']","['B', 'D']"
5abd7ca05542993062266cab,5abd7ca05542993062266cab::working_set_pack_a,0.375,0,"['E', 'F']","['A', 'C']"
5abd7ca05542993062266cab,5abd7ca05542993062266cab::active_set_pack_a,0.375,0,"['E', 'F']","['A', 'C']"
5abd7ca05542993062266cab,5abd7ca05542993062266cab::working_set_pack_b,0.5,0,"['C', 'F']","['A', 'C']"
5abd7ca05542993062266cab,5abd7ca05542993062266cab::active_set_pack_b,0.5,0,"['C', 'F']","['A', 'C']"
5ae732685542991e8301cbc3,5ae732685542991e8301cbc3::working_set_pack_a,0.75,0,"['A', 'B']","['A', 'C']"
5ae732685542991e8301cbc3,5ae732685542991e8301cbc3::active_set_pack_a,0.75,0,"['A', 'B']","['A', 'C']"
5ae732685542991e8301cbc3,5ae732685542991e8301cbc3::working_set_pack_b,0.75,0,"['A', 'B']","['A', 'C']"
5ae732685542991e8301cbc3,5ae732685542991e8301cbc3::active_set_pack_b,0.75,0,"['A', 'B']","['A', 'C']"
5add28c85542992ae4cec4be,5add28c85542992ae4cec4be::working_set_pack_a,1.0,1,"['C', 'F']","['C', 'F']"
5add28c85542992ae4cec4be,5add28c85542992ae4cec4be::active_set_pack_a,1.0,1,"['C', 'F']","['C', 'F']"
5add28c85542992ae4cec4be,5add28c85542992ae4cec4be::working_set_pack_b,1.0,1,"['C', 'F']","['C', 'F']"
5add28c85542992ae4cec4be,5add28c85542992ae4cec4be::active_set_pack_b,1.0,1,"['C', 'F']","['C', 'F']"
5ae78ec5554299540e5a5605,5ae78ec5554299540e5a5605::working_set_pack_a,1.0,1,"['C', 'D']","['C', 'D']"
5ae78ec5554299540e5a5605,5ae78ec5554299540e5a5605::active_set_pack_a,1.0,1,"['C', 'D']","['C', 'D']"
5ae78ec5554299540e5a5605,5ae78ec5554299540e5a5605::working_set_pack_b,1.0,1,"['C', 'D']","['C', 'D']"
5ae78ec5554299540e5a5605,5ae78ec5554299540e5a5605::active_set_pack_b,1.0,1,"['C', 'D']","['C', 'D']"
5abd04f15542996e802b467e,5abd04f15542996e802b467e::working_set_pack_a,0.625,0,"['C', 'E']","['E', 'F']"
5abd04f15542996e802b467e,5abd04f15542996e802b467e::active_set_pack_a,0.625,0,"['C', 'E']","['E', 'F']"
5abd04f15542996e802b467e,5abd04f15542996e802b467e::working_set_pack_b,0.75,0,"['C', 'E']","['E', 'F']"
5abd04f15542996e802b467e,5abd04f15542996e802b467e::active_set_pack_b,0.75,0,"['C', 'E']","['E', 'F']"
5ac3ad225542995ef918c1da,5ac3ad225542995ef918c1da::working_set_pack_a,0.875,0,"['B', 'E']","['B', 'C']"
5ac3ad225542995ef918c1da,5ac3ad225542995ef918c1da::active_set_pack_a,0.875,0,"['B', 'E']","['B', 'C']"
5ac3ad225542995ef918c1da,5ac3ad225542995ef918c1da::working_set_pack_b,1.0,1,"['B', 'C']","['B', 'C']"
5ac3ad225542995ef918c1da,5ac3ad225542995ef918c1da::active_set_pack_b,0.875,0,"['B', 'E']","['B', 'C']"
5ab99943554299131ca42391,5ab99943554299131ca42391::working_set_pack_a,0.75,0,"['C', 'F']","['A', 'F']"
5ab99943554299131ca42391,5ab99943554299131ca42391::active_set_pack_a,0.75,0,"['C', 'F']","['A', 'F']"
5ab99943554299131ca42391,5ab99943554299131ca42391::working_set_pack_b,0.75,0,"['E', 'F']","['A', 'F']"
5ab99943554299131ca42391,5ab99943554299131ca42391::active_set_pack_b,0.75,0,"['C', 'F']","['A', 'F']"
5ae6038155429929b0807a55,5ae6038155429929b0807a55::working_set_pack_a,1.0,1,"['C', 'D']","['C', 'D']"
5ae6038155429929b0807a55,5ae6038155429929b0807a55::active_set_pack_a,1.0,1,"['C', 'D']","['C', 'D']"
5ae6038155429929b0807a55,5ae6038155429929b0807a55::working_set_pack_b,1.0,1,"['C', 'D']","['C', 'D']"
5ae6038155429929b0807a55,5ae6038155429929b0807a55::active_set_pack_b,1.0,1,"['C', 'D']","['C', 'D']"
5ae500fd55429908b63264d8,5ae500fd55429908b63264d8::working_set_pack_a,1.0,1,"['A', 'D']","['A', 'D']"
5ae500fd55429908b63264d8,5ae500fd55429908b63264d8::active_set_pack_a,1.0,1,"['A', 'D']","['A', 'D']"
5ae500fd55429908b63264d8,5ae500fd55429908b63264d8::working_set_pack_b,1.0,1,"['A', 'D']","['A', 'D']"
5ae500fd55429908b63264d8,5ae500fd55429908b63264d8::active_set_pack_b,1.0,1,"['A', 'D']","['A', 'D']"
5ae3345f55429928c4239682,5ae3345f55429928c4239682::working_set_pack_a,0.5,0,"['A', 'E']","['A', 'B']"
5ae3345f55429928c4239682,5ae3345f55429928c4239682::active_set_pack_a,0.5,0,"['A', 'C']","['A', 'B']"
5ae3345f55429928c4239682,5ae3345f55429928c4239682::working_set_pack_b,0.5,0,"['A', 'C']","['A', 'B']"
5ae3345f55429928c4239682,5ae3345f55429928c4239682::active_set_pack_b,0.5,0,"['A', 'C']","['A', 'B']"
5ac1b48f55429963665198f3,5ac1b48f55429963665198f3::working_set_pack_a,0.75,0,"['D', 'E']","['C', 'D']"
5ac1b48f55429963665198f3,5ac1b48f55429963665198f3::active_set_pack_a,0.75,0,"['D', 'E']","['C', 'D']"
5ac1b48f55429963665198f3,5ac1b48f55429963665198f3::working_set_pack_b,0.75,0,"['D', 'E']","['C', 'D']"
5ac1b48f55429963665198f3,5ac1b48f55429963665198f3::active_set_pack_b,0.75,0,"['D', 'E']","['C', 'D']"
5ab9d58855429939ce03dc3a,5ab9d58855429939ce03dc3a::working_set_pack_a,0.75,0,"['B', 'C']","['A', 'C']"
5ab9d58855429939ce03dc3a,5ab9d58855429939ce03dc3a::active_set_pack_a,0.75,0,"['B', 'C']","['A', 'C']"
5ab9d58855429939ce03dc3a,5ab9d58855429939ce03dc3a::working_set_pack_b,0.75,0,"['B', 'C']","['A', 'C']"
5ab9d58855429939ce03dc3a,5ab9d58855429939ce03dc3a::active_set_pack_b,0.75,0,"['B', 'C']","['A', 'C']"
5ab9121555429919ba4e238a,5ab9121555429919ba4e238a::working_set_pack_a,1.0,1,"['B', 'E']","['B', 'E']"
5ab9121555429919ba4e238a,5ab9121555429919ba4e238a::active_set_pack_a,1.0,1,"['B', 'E']","['B', 'E']"
5ab9121555429919ba4e238a,5ab9121555429919ba4e238a::working_set_pack_b,1.0,1,"['B', 'E']","['B', 'E']"
5ab9121555429919ba4e238a,5ab9121555429919ba4e238a::active_set_pack_b,1.0,1,"['B', 'E']","['B', 'E']"
5abf037a5542993fe9a41dbe,5abf037a5542993fe9a41dbe::working_set_pack_a,0.75,0,"['B', 'D']","['D', 'E']"
5abf037a5542993fe9a41dbe,5abf037a5542993fe9a41dbe::active_set_pack_a,0.625,0,"['B', 'D']","['D', 'E']"
5abf037a5542993fe9a41dbe,5abf037a5542993fe9a41dbe::working_set_pack_b,0.75,0,"['B', 'D']","['D', 'E']"
5abf037a5542993fe9a41dbe,5abf037a5542993fe9a41dbe::active_set_pack_b,0.875,0,"['B', 'D']","['D', 'E']"
5ac52b495542994611c8b3de,5ac52b495542994611c8b3de::working_set_pack_a,0.875,0,"['C', 'F']","['A', 'C']"
5ac52b495542994611c8b3de,5ac52b495542994611c8b3de::active_set_pack_a,0.875,0,"['C', 'F']","['A', 'C']"
5ac52b495542994611c8b3de,5ac52b495542994611c8b3de::working_set_pack_b,1.0,1,"['A', 'C']","['A', 'C']"
5ac52b495542994611c8b3de,5ac52b495542994611c8b3de::active_set_pack_b,1.0,1,"['A', 'C']","['A', 'C']"
5adf8d5b5542995534e8c7e1,5adf8d5b5542995534e8c7e1::working_set_pack_a,0.25,0,"['B', 'C']","['D', 'E']"
5adf8d5b5542995534e8c7e1,5adf8d5b5542995534e8c7e1::active_set_pack_a,0.25,0,"['B', 'C']","['D', 'E']"
5adf8d5b5542995534e8c7e1,5adf8d5b5542995534e8c7e1::working_set_pack_b,0.25,0,"['B', 'C']","['D', 'E']"
5adf8d5b5542995534e8c7e1,5adf8d5b5542995534e8c7e1::active_set_pack_b,0.25,0,"['B', 'C']","['D', 'E']"
5ae5b3df5542992663a4f20b,5ae5b3df5542992663a4f20b::working_set_pack_a,0.875,0,"['B', 'D']","['C', 'D']"
5ae5b3df5542992663a4f20b,5ae5b3df5542992663a4f20b::active_set_pack_a,0.75,0,"['B', 'D']","['C', 'D']"
5ae5b3df5542992663a4f20b,5ae5b3df5542992663a4f20b::working_set_pack_b,0.875,0,"['B', 'D']","['C', 'D']"
5ae5b3df5542992663a4f20b,5ae5b3df5542992663a4f20b::active_set_pack_b,0.75,0,"['B', 'D']","['C', 'D']"
5ac2423755429951e9e684ff,5ac2423755429951e9e684ff::working_set_pack_a,0.875,0,"['D', 'F']","['A', 'F']"
5ac2423755429951e9e684ff,5ac2423755429951e9e684ff::active_set_pack_a,0.875,0,"['D', 'F']","['A', 'F']"
5ac2423755429951e9e684ff,5ac2423755429951e9e684ff::working_set_pack_b,1.0,1,"['A', 'F']","['A', 'F']"
5ac2423755429951e9e684ff,5ac2423755429951e9e684ff::active_set_pack_b,1.0,1,"['A', 'F']","['A', 'F']"
5ab9672655429970cfb8eabd,5ab9672655429970cfb8eabd::working_set_pack_a,0.625,0,"['D', 'E']","['C', 'D']"
5ab9672655429970cfb8eabd,5ab9672655429970cfb8eabd::active_set_pack_a,0.5,0,"['B', 'E']","['C', 'D']"
5ab9672655429970cfb8eabd,5ab9672655429970cfb8eabd::working_set_pack_b,0.5,0,"['B', 'E']","['C', 'D']"
5ab9672655429970cfb8eabd,5ab9672655429970cfb8eabd::active_set_pack_b,0.5,0,"['B', 'E']","['C', 'D']"
5abb1f745542996cc5e49fb5,5abb1f745542996cc5e49fb5::working_set_pack_a,1.0,1,"['A', 'F']","['A', 'F']"
5abb1f745542996cc5e49fb5,5abb1f745542996cc5e49fb5::active_set_pack_a,1.0,1,"['A', 'F']","['A', 'F']"
5abb1f745542996cc5e49fb5,5abb1f745542996cc5e49fb5::working_set_pack_b,1.0,1,"['A', 'F']","['A', 'F']"
5abb1f745542996cc5e49fb5,5abb1f745542996cc5e49fb5::active_set_pack_b,1.0,1,"['A', 'F']","['A', 'F']"
5abbbd0f55429931dba144d5,5abbbd0f55429931dba144d5::working_set_pack_a,1.0,1,"['B', 'D']","['B', 'D']"
5abbbd0f55429931dba144d5,5abbbd0f55429931dba144d5::active_set_pack_a,1.0,1,"['B', 'D']","['B', 'D']"
5abbbd0f55429931dba144d5,5abbbd0f55429931dba144d5::working_set_pack_b,1.0,1,"['B', 'D']","['B', 'D']"
5abbbd0f55429931dba144d5,5abbbd0f55429931dba144d5::active_set_pack_b,1.0,1,"['B', 'D']","['B', 'D']"
5ac3e8c65542997ea680c993,5ac3e8c65542997ea680c993::working_set_pack_a,0.125,0,"['A', 'C']","['E', 'F']"
5ac3e8c65542997ea680c993,5ac3e8c65542997ea680c993::active_set_pack_a,0.125,0,"['A', 'C']","['E', 'F']"
5ac3e8c65542997ea680c993,5ac3e8c65542997ea680c993::working_set_pack_b,0.25,0,"['A', 'C']","['E', 'F']"
5ac3e8c65542997ea680c993,5ac3e8c65542997ea680c993::active_set_pack_b,0.25,0,"['B', 'C']","['E', 'F']"
5add3b665542997545bbbcd2,5add3b665542997545bbbcd2::working_set_pack_a,1.0,1,"['A', 'B']","['A', 'B']"
5add3b665542997545bbbcd2,5add3b665542997545bbbcd2::active_set_pack_a,1.0,1,"['A', 'B']","['A', 'B']"
5add3b665542997545bbbcd2,5add3b665542997545bbbcd2::working_set_pack_b,1.0,1,"['A', 'B']","['A', 'B']"
5add3b665542997545bbbcd2,5add3b665542997545bbbcd2::active_set_pack_b,1.0,1,"['A', 'B']","['A', 'B']"
5abdbeed5542993062266cdd,5abdbeed5542993062266cdd::working_set_pack_a,0.75,0,"['D', 'E']","['C', 'E']"
5abdbeed5542993062266cdd,5abdbeed5542993062266cdd::active_set_pack_a,0.875,0,"['D', 'E']","['C', 'E']"
5abdbeed5542993062266cdd,5abdbeed5542993062266cdd::working_set_pack_b,0.75,0,"['D', 'E']","['C', 'E']"
5abdbeed5542993062266cdd,5abdbeed5542993062266cdd::active_set_pack_b,0.75,0,"['D', 'E']","['C', 'E']"
5abeed7e5542993fe9a41da0,5abeed7e5542993fe9a41da0::working_set_pack_a,1.0,1,"['A', 'C']","['A', 'C']"
5abeed7e5542993fe9a41da0,5abeed7e5542993fe9a41da0::active_set_pack_a,1.0,1,"['A', 'C']","['A', 'C']"
5abeed7e5542993fe9a41da0,5abeed7e5542993fe9a41da0::working_set_pack_b,1.0,1,"['A', 'C']","['A', 'C']"
5abeed7e5542993fe9a41da0,5abeed7e5542993fe9a41da0::active_set_pack_b,1.0,1,"['A', 'C']","['A', 'C']"
5add85b65542997545bbbd61,5add85b65542997545bbbd61::working_set_pack_a,0.875,0,"['B', 'C']","['B', 'F']"
5add85b65542997545bbbd61,5add85b65542997545bbbd61::active_set_pack_a,0.875,0,"['B', 'C']","['B', 'F']"
5add85b65542997545bbbd61,5add85b65542997545bbbd61::working_set_pack_b,0.875,0,"['B', 'C']","['B', 'F']"
5add85b65542997545bbbd61,5add85b65542997545bbbd61::active_set_pack_b,0.875,0,"['B', 'C']","['B', 'F']"
5ac068d25542996f0d89cba2,5ac068d25542996f0d89cba2::working_set_pack_a,0.375,0,"['B', 'E']","['A', 'D']"
5ac068d25542996f0d89cba2,5ac068d25542996f0d89cba2::active_set_pack_a,0.375,0,"['B', 'E']","['A', 'D']"
5ac068d25542996f0d89cba2,5ac068d25542996f0d89cba2::working_set_pack_b,0.375,0,"['B', 'E']","['A', 'D']"
5ac068d25542996f0d89cba2,5ac068d25542996f0d89cba2::active_set_pack_b,0.25,0,"['B', 'E']","['A', 'D']"
5ade8f5e55429975fa854f11,5ade8f5e55429975fa854f11::working_set_pack_a,1.0,1,"['B', 'F']","['B', 'F']"
5ade8f5e55429975fa854f11,5ade8f5e55429975fa854f11::active_set_pack_a,1.0,1,"['B', 'F']","['B', 'F']"
5ade8f5e55429975fa854f11,5ade8f5e55429975fa854f11::working_set_pack_b,0.875,0,"['B', 'D']","['B', 'F']"
5ade8f5e55429975fa854f11,5ade8f5e55429975fa854f11::active_set_pack_b,0.875,0,"['B', 'D']","['B', 'F']"
5ac1b7495542994ab5c67dd9,5ac1b7495542994ab5c67dd9::working_set_pack_a,0.875,0,"['B', 'C']","['C', 'D']"
5ac1b7495542994ab5c67dd9,5ac1b7495542994ab5c67dd9::active_set_pack_a,0.875,0,"['B', 'C']","['C', 'D']"
5ac1b7495542994ab5c67dd9,5ac1b7495542994ab5c67dd9::working_set_pack_b,0.75,0,"['C', 'F']","['C', 'D']"
5ac1b7495542994ab5c67dd9,5ac1b7495542994ab5c67dd9::active_set_pack_b,0.875,0,"['B', 'C']","['C', 'D']"
5ae4b3da55429913cc2044d6,5ae4b3da55429913cc2044d6::working_set_pack_a,0.875,0,"['C', 'E']","['C', 'F']"
5ae4b3da55429913cc2044d6,5ae4b3da55429913cc2044d6::active_set_pack_a,0.875,0,"['C', 'E']","['C', 'F']"
5ae4b3da55429913cc2044d6,5ae4b3da55429913cc2044d6::working_set_pack_b,0.625,0,"['C', 'E']","['C', 'F']"
5ae4b3da55429913cc2044d6,5ae4b3da55429913cc2044d6::active_set_pack_b,0.875,0,"['C', 'E']","['C', 'F']"
5ab93287554299753720f78f,5ab93287554299753720f78f::working_set_pack_a,0.75,0,"['B', 'C']","['C', 'E']"
5ab93287554299753720f78f,5ab93287554299753720f78f::active_set_pack_a,0.75,0,"['B', 'C']","['C', 'E']"
5ab93287554299753720f78f,5ab93287554299753720f78f::working_set_pack_b,0.75,0,"['B', 'C']","['C', 'E']"
5ab93287554299753720f78f,5ab93287554299753720f78f::active_set_pack_b,0.75,0,"['B', 'C']","['C', 'E']"
5ae64cbf5542992ae0d162c1,5ae64cbf5542992ae0d162c1::working_set_pack_a,0.875,0,"['D', 'F']","['A', 'D']"
5ae64cbf5542992ae0d162c1,5ae64cbf5542992ae0d162c1::active_set_pack_a,0.875,0,"['D', 'F']","['A', 'D']"
5ae64cbf5542992ae0d162c1,5ae64cbf5542992ae0d162c1::working_set_pack_b,0.875,0,"['D', 'F']","['A', 'D']"
5ae64cbf5542992ae0d162c1,5ae64cbf5542992ae0d162c1::active_set_pack_b,0.875,0,"['D', 'F']","['A', 'D']"
5abae52a5542996cc5e49eea,5abae52a5542996cc5e49eea::working_set_pack_a,0.875,0,"['B', 'D']","['B', 'F']"
5abae52a5542996cc5e49eea,5abae52a5542996cc5e49eea::active_set_pack_a,1.0,1,"['B', 'F']","['B', 'F']"
5abae52a5542996cc5e49eea,5abae52a5542996cc5e49eea::working_set_pack_b,1.0,1,"['B', 'F']","['B', 'F']"
5abae52a5542996cc5e49eea,5abae52a5542996cc5e49eea::active_set_pack_b,0.875,0,"['B', 'D']","['B', 'F']"
5ae2e27155429928c423952a,5ae2e27155429928c423952a::working_set_pack_a,0.75,0,"['A', 'F']","['E', 'F']"
5ae2e27155429928c423952a,5ae2e27155429928c423952a::active_set_pack_a,0.625,0,"['A', 'F']","['E', 'F']"
5ae2e27155429928c423952a,5ae2e27155429928c423952a::working_set_pack_b,0.375,0,"['A', 'F']","['E', 'F']"
5ae2e27155429928c423952a,5ae2e27155429928c423952a::active_set_pack_b,0.75,0,"['A', 'F']","['E', 'F']"
5abffc58554299012d1db552,5abffc58554299012d1db552::working_set_pack_a,1.0,1,"['C', 'E']","['C', 'E']"
5abffc58554299012d1db552,5abffc58554299012d1db552::active_set_pack_a,1.0,1,"['C', 'E']","['C', 'E']"
5abffc58554299012d1db552,5abffc58554299012d1db552::working_set_pack_b,1.0,1,"['C', 'E']","['C', 'E']"
5abffc58554299012d1db552,5abffc58554299012d1db552::active_set_pack_b,1.0,1,"['C', 'E']","['C', 'E']"
5ac12fda5542994d76dccdb0,5ac12fda5542994d76dccdb0::working_set_pack_a,1.0,1,"['B', 'E']","['B', 'E']"
5ac12fda5542994d76dccdb0,5ac12fda5542994d76dccdb0::active_set_pack_a,1.0,1,"['B', 'E']","['B', 'E']"
5ac12fda5542994d76dccdb0,5ac12fda5542994d76dccdb0::working_set_pack_b,1.0,1,"['B', 'E']","['B', 'E']"
5ac12fda5542994d76dccdb0,5ac12fda5542994d76dccdb0::active_set_pack_b,1.0,1,"['B', 'E']","['B', 'E']"
5ae377a35542994393b9e6db,5ae377a35542994393b9e6db::working_set_pack_a,1.0,1,"['B', 'D']","['B', 'D']"
5ae377a35542994393b9e6db,5ae377a35542994393b9e6db::active_set_pack_a,1.0,1,"['B', 'D']","['B', 'D']"
5ae377a35542994393b9e6db,5ae377a35542994393b9e6db::working_set_pack_b,1.0,1,"['B', 'D']","['B', 'D']"
5ae377a35542994393b9e6db,5ae377a35542994393b9e6db::active_set_pack_b,1.0,1,"['B', 'D']","['B', 'D']"
5ab74412554299110f219ae8,5ab74412554299110f219ae8::working_set_pack_a,1.0,1,"['A', 'B']","['A', 'B']"
5ab74412554299110f219ae8,5ab74412554299110f219ae8::active_set_pack_a,1.0,1,"['A', 'B']","['A', 'B']"
5ab74412554299110f219ae8,5ab74412554299110f219ae8::working_set_pack_b,1.0,1,"['A', 'B']","['A', 'B']"
5ab74412554299110f219ae8,5ab74412554299110f219ae8::active_set_pack_b,1.0,1,"['A', 'B']","['A', 'B']"
5ac4bfd05542997ea680caab,5ac4bfd05542997ea680caab::working_set_pack_a,1.0,1,"['A', 'D']","['A', 'D']"
5ac4bfd05542997ea680caab,5ac4bfd05542997ea680caab::active_set_pack_a,1.0,1,"['A', 'D']","['A', 'D']"
5ac4bfd05542997ea680caab,5ac4bfd05542997ea680caab::working_set_pack_b,1.0,1,"['A', 'D']","['A', 'D']"
5ac4bfd05542997ea680caab,5ac4bfd05542997ea680caab::active_set_pack_b,0.875,0,"['D', 'E']","['A', 'D']"
5ab72adb5542993667793f5d,5ab72adb5542993667793f5d::working_set_pack_a,0.875,0,"['B', 'F']","['A', 'F']"
5ab72adb5542993667793f5d,5ab72adb5542993667793f5d::active_set_pack_a,0.75,0,"['B', 'F']","['A', 'F']"
5ab72adb5542993667793f5d,5ab72adb5542993667793f5d::working_set_pack_b,0.75,0,"['B', 'F']","['A', 'F']"
5ab72adb5542993667793f5d,5ab72adb5542993667793f5d::active_set_pack_b,0.75,0,"['B', 'F']","['A', 'F']"
5abb06bc554299232ef4a3bb,5abb06bc554299232ef4a3bb::working_set_pack_a,0.25,0,"['C', 'E']","['D', 'F']"
5abb06bc554299232ef4a3bb,5abb06bc554299232ef4a3bb::active_set_pack_a,0.375,0,"['C', 'E']","['D', 'F']"
5abb06bc554299232ef4a3bb,5abb06bc554299232ef4a3bb::working_set_pack_b,0.25,0,"['C', 'E']","['D', 'F']"
5abb06bc554299232ef4a3bb,5abb06bc554299232ef4a3bb::active_set_pack_b,0.5,0,"['C', 'F']","['D', 'F']"
5ae3cf7e5542990afbd1e1e2,5ae3cf7e5542990afbd1e1e2::working_set_pack_a,1.0,1,"['A', 'C']","['A', 'C']"
5ae3cf7e5542990afbd1e1e2,5ae3cf7e5542990afbd1e1e2::active_set_pack_a,1.0,1,"['A', 'C']","['A', 'C']"
5ae3cf7e5542990afbd1e1e2,5ae3cf7e5542990afbd1e1e2::working_set_pack_b,1.0,1,"['A', 'C']","['A', 'C']"
5ae3cf7e5542990afbd1e1e2,5ae3cf7e5542990afbd1e1e2::active_set_pack_b,1.0,1,"['A', 'C']","['A', 'C']"
5ade5a245542997c77adee0c,5ade5a245542997c77adee0c::working_set_pack_a,0.875,0,"['A', 'C']","['C', 'E']"
5ade5a245542997c77adee0c,5ade5a245542997c77adee0c::active_set_pack_a,0.875,0,"['A', 'C']","['C', 'E']"
5ade5a245542997c77adee0c,5ade5a245542997c77adee0c::working_set_pack_b,0.875,0,"['A', 'C']","['C', 'E']"
5ade5a245542997c77adee0c,5ade5a245542997c77adee0c::active_set_pack_b,0.875,0,"['A', 'C']","['C', 'E']"
5ae65d055542996d980e7b14,5ae65d055542996d980e7b14::working_set_pack_a,1.0,1,"['C', 'D']","['C', 'D']"
5ae65d055542996d980e7b14,5ae65d055542996d980e7b14::active_set_pack_a,1.0,1,"['C', 'D']","['C', 'D']"
5ae65d055542996d980e7b14,5ae65d055542996d980e7b14::working_set_pack_b,1.0,1,"['C', 'D']","['C', 'D']"
5ae65d055542996d980e7b14,5ae65d055542996d980e7b14::active_set_pack_b,0.875,0,"['B', 'C']","['C', 'D']"
5ac4f4255542996feb3fe99d,5ac4f4255542996feb3fe99d::working_set_pack_a,1.0,1,"['B', 'F']","['B', 'F']"
5ac4f4255542996feb3fe99d,5ac4f4255542996feb3fe99d::active_set_pack_a,1.0,1,"['B', 'F']","['B', 'F']"
5ac4f4255542996feb3fe99d,5ac4f4255542996feb3fe99d::working_set_pack_b,1.0,1,"['B', 'F']","['B', 'F']"
5ac4f4255542996feb3fe99d,5ac4f4255542996feb3fe99d::active_set_pack_b,1.0,1,"['B', 'F']","['B', 'F']"
5ac3bb805542993915413909,5ac3bb805542993915413909::working_set_pack_a,0.875,0,"['B', 'E']","['B', 'C']"
5ac3bb805542993915413909,5ac3bb805542993915413909::active_set_pack_a,0.875,0,"['B', 'E']","['B', 'C']"
5ac3bb805542993915413909,5ac3bb805542993915413909::working_set_pack_b,0.875,0,"['B', 'E']","['B', 'C']"
5ac3bb805542993915413909,5ac3bb805542993915413909::active_set_pack_b,0.875,0,"['B', 'E']","['B', 'C']"
5ac23b6f55429951e9e684b4,5ac23b6f55429951e9e684b4::working_set_pack_a,0.625,0,"['A', 'E']","['B', 'E']"
5ac23b6f55429951e9e684b4,5ac23b6f55429951e9e684b4::active_set_pack_a,0.625,0,"['A', 'E']","['B', 'E']"
5ac23b6f55429951e9e684b4,5ac23b6f55429951e9e684b4::working_set_pack_b,0.625,0,"['A', 'E']","['B', 'E']"
5ac23b6f55429951e9e684b4,5ac23b6f55429951e9e684b4::active_set_pack_b,0.625,0,"['A', 'E']","['B', 'E']"
5adf01425542995ec70e8f53,5adf01425542995ec70e8f53::working_set_pack_a,1.0,1,"['E', 'F']","['E', 'F']"
5adf01425542995ec70e8f53,5adf01425542995ec70e8f53::active_set_pack_a,1.0,1,"['E', 'F']","['E', 'F']"
5adf01425542995ec70e8f53,5adf01425542995ec70e8f53::working_set_pack_b,1.0,1,"['E', 'F']","['E', 'F']"
5adf01425542995ec70e8f53,5adf01425542995ec70e8f53::active_set_pack_b,1.0,1,"['E', 'F']","['E', 'F']"
5adc1b1a55429944faac2422,5adc1b1a55429944faac2422::working_set_pack_a,0.5,0,"['A', 'B']","['A', 'E']"
5adc1b1a55429944faac2422,5adc1b1a55429944faac2422::active_set_pack_a,0.5,0,"['A', 'B']","['A', 'E']"
5adc1b1a55429944faac2422,5adc1b1a55429944faac2422::working_set_pack_b,0.5,0,"['A', 'B']","['A', 'E']"
5adc1b1a55429944faac2422,5adc1b1a55429944faac2422::active_set_pack_b,0.25,0,"['B', 'F']","['A', 'E']"
5add67b05542995b365fab2a,5add67b05542995b365fab2a::working_set_pack_a,0.875,0,"['A', 'B']","['A', 'E']"
5add67b05542995b365fab2a,5add67b05542995b365fab2a::active_set_pack_a,1.0,1,"['A', 'E']","['A', 'E']"
5add67b05542995b365fab2a,5add67b05542995b365fab2a::working_set_pack_b,0.75,0,"['A', 'B']","['A', 'E']"
5add67b05542995b365fab2a,5add67b05542995b365fab2a::active_set_pack_b,0.875,0,"['A', 'B']","['A', 'E']"
5ac25c9055429951e9e68580,5ac25c9055429951e9e68580::working_set_pack_a,0.875,0,"['E', 'F']","['B', 'F']"
5ac25c9055429951e9e68580,5ac25c9055429951e9e68580::active_set_pack_a,0.875,0,"['E', 'F']","['B', 'F']"
5ac25c9055429951e9e68580,5ac25c9055429951e9e68580::working_set_pack_b,0.875,0,"['E', 'F']","['B', 'F']"
5ac25c9055429951e9e68580,5ac25c9055429951e9e68580::active_set_pack_b,1.0,1,"['B', 'F']","['B', 'F']"
5ab808755542990e739ec7f2,5ab808755542990e739ec7f2::working_set_pack_a,1.0,1,"['E', 'F']","['E', 'F']"
5ab808755542990e739ec7f2,5ab808755542990e739ec7f2::active_set_pack_a,1.0,1,"['E', 'F']","['E', 'F']"
5ab808755542990e739ec7f2,5ab808755542990e739ec7f2::working_set_pack_b,1.0,1,"['E', 'F']","['E', 'F']"
5ab808755542990e739ec7f2,5ab808755542990e739ec7f2::active_set_pack_b,1.0,1,"['E', 'F']","['E', 'F']"
5ac5247c55429924173fb602,5ac5247c55429924173fb602::working_set_pack_a,0.625,0,"['B', 'D']","['A', 'D']"
5ac5247c55429924173fb602,5ac5247c55429924173fb602::active_set_pack_a,0.75,0,"['B', 'D']","['A', 'D']"
5ac5247c55429924173fb602,5ac5247c55429924173fb602::working_set_pack_b,0.625,0,"['B', 'D']","['A', 'D']"
5ac5247c55429924173fb602,5ac5247c55429924173fb602::active_set_pack_b,0.625,0,"['B', 'D']","['A', 'D']"
5adf698f5542993a75d264e2,5adf698f5542993a75d264e2::working_set_pack_a,1.0,1,"['B', 'E']","['B', 'E']"
5adf698f5542993a75d264e2,5adf698f5542993a75d264e2::active_set_pack_a,1.0,1,"['B', 'E']","['B', 'E']"
5adf698f5542993a75d264e2,5adf698f5542993a75d264e2::working_set_pack_b,1.0,1,"['B', 'E']","['B', 'E']"
5adf698f5542993a75d264e2,5adf698f5542993a75d264e2::active_set_pack_b,1.0,1,"['B', 'E']","['B', 'E']"
5ac3983a554299657fa290f5,5ac3983a554299657fa290f5::working_set_pack_a,1.0,1,"['A', 'C']","['A', 'C']"
5ac3983a554299657fa290f5,5ac3983a554299657fa290f5::active_set_pack_a,1.0,1,"['A', 'C']","['A', 'C']"
5ac3983a554299657fa290f5,5ac3983a554299657fa290f5::working_set_pack_b,0.625,0,"['C', 'E']","['A', 'C']"
5ac3983a554299657fa290f5,5ac3983a554299657fa290f5::active_set_pack_b,1.0,1,"['A', 'C']","['A', 'C']"
5ac1bfd85542994ab5c67dfb,5ac1bfd85542994ab5c67dfb::working_set_pack_a,1.0,1,"['B', 'D']","['B', 'D']"
5ac1bfd85542994ab5c67dfb,5ac1bfd85542994ab5c67dfb::active_set_pack_a,1.0,1,"['B', 'D']","['B', 'D']"
5ac1bfd85542994ab5c67dfb,5ac1bfd85542994ab5c67dfb::working_set_pack_b,1.0,1,"['B', 'D']","['B', 'D']"
5ac1bfd85542994ab5c67dfb,5ac1bfd85542994ab5c67dfb::active_set_pack_b,1.0,1,"['B', 'D']","['B', 'D']"
5ac3bf5e5542995ef918c20f,5ac3bf5e5542995ef918c20f::working_set_pack_a,1.0,1,"['C', 'E']","['C', 'E']"
5ac3bf5e5542995ef918c20f,5ac3bf5e5542995ef918c20f::active_set_pack_a,1.0,1,"['C', 'E']","['C', 'E']"
5ac3bf5e5542995ef918c20f,5ac3bf5e5542995ef918c20f::working_set_pack_b,1.0,1,"['C', 'E']","['C', 'E']"
5ac3bf5e5542995ef918c20f,5ac3bf5e5542995ef918c20f::active_set_pack_b,1.0,1,"['C', 'E']","['C', 'E']"
5ac141dd5542991316484a9b,5ac141dd5542991316484a9b::working_set_pack_a,0.75,0,"['E', 'F']","['D', 'F']"
5ac141dd5542991316484a9b,5ac141dd5542991316484a9b::active_set_pack_a,0.75,0,"['E', 'F']","['D', 'F']"
5ac141dd5542991316484a9b,5ac141dd5542991316484a9b::working_set_pack_b,0.75,0,"['E', 'F']","['D', 'F']"
5ac141dd5542991316484a9b,5ac141dd5542991316484a9b::active_set_pack_b,0.75,0,"['E', 'F']","['D', 'F']"
5ae546be5542990ba0bbb251,5ae546be5542990ba0bbb251::working_set_pack_a,0.75,0,"['D', 'F']","['B', 'F']"
5ae546be5542990ba0bbb251,5ae546be5542990ba0bbb251::active_set_pack_a,0.75,0,"['D', 'F']","['B', 'F']"
5ae546be5542990ba0bbb251,5ae546be5542990ba0bbb251::working_set_pack_b,0.75,0,"['D', 'F']","['B', 'F']"
5ae546be5542990ba0bbb251,5ae546be5542990ba0bbb251::active_set_pack_b,0.75,0,"['D', 'F']","['B', 'F']"
5adf9e7e5542992d7e9f93be,5adf9e7e5542992d7e9f93be::working_set_pack_a,0.875,0,"['B', 'D']","['B', 'C']"
5adf9e7e5542992d7e9f93be,5adf9e7e5542992d7e9f93be::active_set_pack_a,0.875,0,"['B', 'D']","['B', 'C']"
5adf9e7e5542992d7e9f93be,5adf9e7e5542992d7e9f93be::working_set_pack_b,0.875,0,"['B', 'D']","['B', 'C']"
5adf9e7e5542992d7e9f93be,5adf9e7e5542992d7e9f93be::active_set_pack_b,0.875,0,"['B', 'D']","['B', 'C']"
5ab8f24f55429934fafe6e20,5ab8f24f55429934fafe6e20::working_set_pack_a,0.625,0,"['A', 'B']","['A', 'D']"
5ab8f24f55429934fafe6e20,5ab8f24f55429934fafe6e20::active_set_pack_a,0.625,0,"['A', 'B']","['A', 'D']"
5ab8f24f55429934fafe6e20,5ab8f24f55429934fafe6e20::working_set_pack_b,0.625,0,"['A', 'B']","['A', 'D']"
5ab8f24f55429934fafe6e20,5ab8f24f55429934fafe6e20::active_set_pack_b,0.625,0,"['A', 'B']","['A', 'D']"
5abc0e30554299700f9d77c5,5abc0e30554299700f9d77c5::working_set_pack_a,0.875,0,"['A', 'B']","['B', 'E']"
5abc0e30554299700f9d77c5,5abc0e30554299700f9d77c5::active_set_pack_a,1.0,1,"['B', 'E']","['B', 'E']"
5abc0e30554299700f9d77c5,5abc0e30554299700f9d77c5::working_set_pack_b,1.0,1,"['B', 'E']","['B', 'E']"
5abc0e30554299700f9d77c5,5abc0e30554299700f9d77c5::active_set_pack_b,1.0,1,"['B', 'E']","['B', 'E']"
5ae3417e5542990afbd1e0f7,5ae3417e5542990afbd1e0f7::working_set_pack_a,0.625,0,"['A', 'D']","['A', 'C']"
5ae3417e5542990afbd1e0f7,5ae3417e5542990afbd1e0f7::active_set_pack_a,0.625,0,"['A', 'D']","['A', 'C']"
5ae3417e5542990afbd1e0f7,5ae3417e5542990afbd1e0f7::working_set_pack_b,0.625,0,"['A', 'D']","['A', 'C']"
5ae3417e5542990afbd1e0f7,5ae3417e5542990afbd1e0f7::active_set_pack_b,0.75,0,"['A', 'F']","['A', 'C']"
5ae334345542991a06ce9951,5ae334345542991a06ce9951::working_set_pack_a,0.875,0,"['B', 'C']","['A', 'C']"
5ae334345542991a06ce9951,5ae334345542991a06ce9951::active_set_pack_a,0.875,0,"['B', 'C']","['A', 'C']"
5ae334345542991a06ce9951,5ae334345542991a06ce9951::working_set_pack_b,0.875,0,"['B', 'C']","['A', 'C']"
5ae334345542991a06ce9951,5ae334345542991a06ce9951::active_set_pack_b,0.875,0,"['B', 'C']","['A', 'C']"
5abeb68d5542994516f453f9,5abeb68d5542994516f453f9::working_set_pack_a,0.625,0,"['B', 'F']","['A', 'F']"
5abeb68d5542994516f453f9,5abeb68d5542994516f453f9::active_set_pack_a,0.625,0,"['D', 'F']","['A', 'F']"
5abeb68d5542994516f453f9,5abeb68d5542994516f453f9::working_set_pack_b,0.625,0,"['B', 'F']","['A', 'F']"
5abeb68d5542994516f453f9,5abeb68d5542994516f453f9::active_set_pack_b,0.625,0,"['D', 'F']","['A', 'F']"
5ae1cab7554299492dc91b8a,5ae1cab7554299492dc91b8a::working_set_pack_a,0.75,0,"['D', 'E']","['C', 'D']"
5ae1cab7554299492dc91b8a,5ae1cab7554299492dc91b8a::active_set_pack_a,0.75,0,"['D', 'E']","['C', 'D']"
5ae1cab7554299492dc91b8a,5ae1cab7554299492dc91b8a::working_set_pack_b,0.75,0,"['D', 'E']","['C', 'D']"
5ae1cab7554299492dc91b8a,5ae1cab7554299492dc91b8a::active_set_pack_b,0.75,0,"['D', 'E']","['C', 'D']"
5ae6e5d65542992ae0d163a1,5ae6e5d65542992ae0d163a1::working_set_pack_a,0.875,0,"['A', 'B']","['A', 'E']"
5ae6e5d65542992ae0d163a1,5ae6e5d65542992ae0d163a1::active_set_pack_a,0.875,0,"['A', 'B']","['A', 'E']"
5ae6e5d65542992ae0d163a1,5ae6e5d65542992ae0d163a1::working_set_pack_b,0.875,0,"['A', 'B']","['A', 'E']"
5ae6e5d65542992ae0d163a1,5ae6e5d65542992ae0d163a1::active_set_pack_b,0.875,0,"['A', 'B']","['A', 'E']"
5abaebab55429939ce03dd66,5abaebab55429939ce03dd66::working_set_pack_a,1.0,1,"['A', 'E']","['A', 'E']"
5abaebab55429939ce03dd66,5abaebab55429939ce03dd66::active_set_pack_a,1.0,1,"['A', 'E']","['A', 'E']"
5abaebab55429939ce03dd66,5abaebab55429939ce03dd66::working_set_pack_b,1.0,1,"['A', 'E']","['A', 'E']"
5abaebab55429939ce03dd66,5abaebab55429939ce03dd66::active_set_pack_b,1.0,1,"['A', 'E']","['A', 'E']"
5ab9149d5542991b5579f0e6,5ab9149d5542991b5579f0e6::working_set_pack_a,0.875,0,"['B', 'F']","['E', 'F']"
5ab9149d5542991b5579f0e6,5ab9149d5542991b5579f0e6::active_set_pack_a,0.875,0,"['B', 'F']","['E', 'F']"
5ab9149d5542991b5579f0e6,5ab9149d5542991b5579f0e6::working_set_pack_b,1.0,1,"['E', 'F']","['E', 'F']"
5ab9149d5542991b5579f0e6,5ab9149d5542991b5579f0e6::active_set_pack_b,0.875,0,"['C', 'F']","['E', 'F']"
5add57e35542992200553ac2,5add57e35542992200553ac2::working_set_pack_a,0.625,0,"['A', 'F']","['D', 'F']"
5add57e35542992200553ac2,5add57e35542992200553ac2::active_set_pack_a,0.5,0,"['A', 'F']","['D', 'F']"
5add57e35542992200553ac2,5add57e35542992200553ac2::working_set_pack_b,0.75,0,"['A', 'D']","['D', 'F']"
5add57e35542992200553ac2,5add57e35542992200553ac2::active_set_pack_b,0.625,0,"['C', 'F']","['D', 'F']"
5ae5e2285542996de7b71a5a,5ae5e2285542996de7b71a5a::working_set_pack_a,0.875,0,"['B', 'F']","['C', 'F']"
5ae5e2285542996de7b71a5a,5ae5e2285542996de7b71a5a::active_set_pack_a,0.875,0,"['B', 'F']","['C', 'F']"
5ae5e2285542996de7b71a5a,5ae5e2285542996de7b71a5a::working_set_pack_b,0.75,0,"['B', 'F']","['C', 'F']"
5ae5e2285542996de7b71a5a,5ae5e2285542996de7b71a5a::active_set_pack_b,0.875,0,"['B', 'F']","['C', 'F']"
5ac13d745542991316484a91,5ac13d745542991316484a91::working_set_pack_a,0.875,0,"['C', 'E']","['A', 'C']"
5ac13d745542991316484a91,5ac13d745542991316484a91::active_set_pack_a,0.875,0,"['C', 'E']","['A', 'C']"
5ac13d745542991316484a91,5ac13d745542991316484a91::working_set_pack_b,0.875,0,"['C', 'E']","['A', 'C']"
5ac13d745542991316484a91,5ac13d745542991316484a91::active_set_pack_b,0.875,0,"['C', 'E']","['A', 'C']"
5ac28a21554299677310256e,5ac28a21554299677310256e::working_set_pack_a,0.5,0,"['B', 'D']","['B', 'E']"
5ac28a21554299677310256e,5ac28a21554299677310256e::active_set_pack_a,0.5,0,"['B', 'D']","['B', 'E']"
5ac28a21554299677310256e,5ac28a21554299677310256e::working_set_pack_b,0.75,0,"['B', 'D']","['B', 'E']"
5ac28a21554299677310256e,5ac28a21554299677310256e::active_set_pack_b,0.5,0,"['B', 'D']","['B', 'E']"
5abef2365542997ec76fd397,5abef2365542997ec76fd397::working_set_pack_a,1.0,1,"['A', 'D']","['A', 'D']"
5abef2365542997ec76fd397,5abef2365542997ec76fd397::active_set_pack_a,1.0,1,"['A', 'D']","['A', 'D']"
5abef2365542997ec76fd397,5abef2365542997ec76fd397::working_set_pack_b,1.0,1,"['A', 'D']","['A', 'D']"
5abef2365542997ec76fd397,5abef2365542997ec76fd397::active_set_pack_b,1.0,1,"['A', 'D']","['A', 'D']"
5abdb9125542993f32c2a018,5abdb9125542993f32c2a018::working_set_pack_a,0.875,0,"['D', 'F']","['C', 'D']"
5abdb9125542993f32c2a018,5abdb9125542993f32c2a018::active_set_pack_a,0.875,0,"['D', 'F']","['C', 'D']"
5abdb9125542993f32c2a018,5abdb9125542993f32c2a018::working_set_pack_b,0.625,0,"['D', 'F']","['C', 'D']"
5abdb9125542993f32c2a018,5abdb9125542993f32c2a018::active_set_pack_b,0.875,0,"['D', 'F']","['C', 'D']"
5ab7f030554299366779405a,5ab7f030554299366779405a::working_set_pack_a,0.5,0,"['A', 'D']","['A', 'B']"
5ab7f030554299366779405a,5ab7f030554299366779405a::active_set_pack_a,0.5,0,"['A', 'D']","['A', 'B']"
5ab7f030554299366779405a,5ab7f030554299366779405a::working_set_pack_b,0.5,0,"['A', 'D']","['A', 'B']"
5ab7f030554299366779405a,5ab7f030554299366779405a::active_set_pack_b,0.5,0,"['A', 'D']","['A', 'B']"
5ac47249554299194317399c,5ac47249554299194317399c::working_set_pack_a,0.875,0,"['B', 'E']","['A', 'E']"
5ac47249554299194317399c,5ac47249554299194317399c::active_set_pack_a,1.0,1,"['A', 'E']","['A', 'E']"
5ac47249554299194317399c,5ac47249554299194317399c::working_set_pack_b,0.875,0,"['C', 'E']","['A', 'E']"
5ac47249554299194317399c,5ac47249554299194317399c::active_set_pack_b,0.875,0,"['C', 'E']","['A', 'E']"
5aba04fb55429939ce03dc54,5aba04fb55429939ce03dc54::working_set_pack_a,1.0,1,"['C', 'E']","['C', 'E']"
5aba04fb55429939ce03dc54,5aba04fb55429939ce03dc54::active_set_pack_a,1.0,1,"['C', 'E']","['C', 'E']"
5aba04fb55429939ce03dc54,5aba04fb55429939ce03dc54::working_set_pack_b,0.875,0,"['B', 'E']","['C', 'E']"
5aba04fb55429939ce03dc54,5aba04fb55429939ce03dc54::active_set_pack_b,0.875,0,"['B', 'E']","['C', 'E']"
5ae0925e55429945ae9593c9,5ae0925e55429945ae9593c9::working_set_pack_a,0.875,0,"['B', 'D']","['B', 'C']"
5ae0925e55429945ae9593c9,5ae0925e55429945ae9593c9::active_set_pack_a,1.0,1,"['B', 'C']","['B', 'C']"
5ae0925e55429945ae9593c9,5ae0925e55429945ae9593c9::working_set_pack_b,1.0,1,"['B', 'C']","['B', 'C']"
5ae0925e55429945ae9593c9,5ae0925e55429945ae9593c9::active_set_pack_b,1.0,1,"['B', 'C']","['B', 'C']"
5ae6053c55429929b0807a60,5ae6053c55429929b0807a60::working_set_pack_a,0.75,0,"['B', 'C']","['B', 'D']"
5ae6053c55429929b0807a60,5ae6053c55429929b0807a60::active_set_pack_a,0.625,0,"['B', 'C']","['B', 'D']"
5ae6053c55429929b0807a60,5ae6053c55429929b0807a60::working_set_pack_b,0.625,0,"['B', 'C']","['B', 'D']"
5ae6053c55429929b0807a60,5ae6053c55429929b0807a60::active_set_pack_b,0.875,0,"['B', 'C']","['B', 'D']"
5ae42a195542995ad6573d0e,5ae42a195542995ad6573d0e::working_set_pack_a,1.0,1,"['A', 'E']","['A', 'E']"
5ae42a195542995ad6573d0e,5ae42a195542995ad6573d0e::active_set_pack_a,1.0,1,"['A', 'E']","['A', 'E']"
5ae42a195542995ad6573d0e,5ae42a195542995ad6573d0e::working_set_pack_b,1.0,1,"['A', 'E']","['A', 'E']"
5ae42a195542995ad6573d0e,5ae42a195542995ad6573d0e::active_set_pack_b,1.0,1,"['A', 'E']","['A', 'E']"
5ae1aed65542997f29b3c0ff,5ae1aed65542997f29b3c0ff::working_set_pack_a,0.625,0,"['E', 'F']","['A', 'F']"
5ae1aed65542997f29b3c0ff,5ae1aed65542997f29b3c0ff::active_set_pack_a,0.625,0,"['E', 'F']","['A', 'F']"
5ae1aed65542997f29b3c0ff,5ae1aed65542997f29b3c0ff::working_set_pack_b,0.625,0,"['E', 'F']","['A', 'F']"
5ae1aed65542997f29b3c0ff,5ae1aed65542997f29b3c0ff::active_set_pack_b,0.75,0,"['E', 'F']","['A', 'F']"
5abad3395542996cc5e49e9f,5abad3395542996cc5e49e9f::working_set_pack_a,0.875,0,"['A', 'D']","['A', 'E']"
5abad3395542996cc5e49e9f,5abad3395542996cc5e49e9f::active_set_pack_a,1.0,1,"['A', 'E']","['A', 'E']"
5abad3395542996cc5e49e9f,5abad3395542996cc5e49e9f::working_set_pack_b,1.0,1,"['A', 'E']","['A', 'E']"
5abad3395542996cc5e49e9f,5abad3395542996cc5e49e9f::active_set_pack_b,1.0,1,"['A', 'E']","['A', 'E']"
