example_id,prompt_id,gold_labels,clean_preds,corrupted_preds,full_patch_preds,pc1_replace_preds,multi_pc_preds,random_replace_preds,corrupted_correct,full_patch_correct,pc1_replace_correct,multi_pc_correct,random_replace_correct,corrupted_gold_overlap,full_patch_gold_overlap,pc1_gold_overlap,multi_pc_gold_overlap,random_gold_overlap
5adf732a5542993a75d264e9,5adf732a5542993a75d264e9::working_set_pack_a,"['A', 'B']","['A', 'B']","['A', 'D']","['A', 'B']","['A', 'D']","['A', 'D']","['A', 'D']",False,True,False,False,False,1,2,1,1,1
5adf732a5542993a75d264e9,5adf732a5542993a75d264e9::active_set_pack_a,"['A', 'B']","['A', 'B']","['A', 'D']","['A', 'B']","['A', 'D']","['A', 'D']","['A', 'D']",False,True,False,False,False,1,2,1,1,1
5adf732a5542993a75d264e9,5adf732a5542993a75d264e9::working_set_pack_b,"['A', 'B']","['A', 'B']","['A', 'D']","['A', 'B']","['A', 'D']","['A', 'C']","['A', 'D']",False,True,False,False,False,1,2,1,1,1
5adf732a5542993a75d264e9,5adf732a5542993a75d264e9::active_set_pack_b,"['A', 'B']","['A', 'B']","['A', 'D']","['A', 'B']","['A', 'D']","['A', 'D']","['A', 'D']",False,True,False,False,False,1,2,1,1,1
5abd7ca05542993062266cab,5abd7ca05542993062266cab::working_set_pack_a,"['A', 'C']","['A', 'C']","['A', 'F']","['A', 'B']","['A', 'E']","['A', 'E']","['A', 'F']",False,False,False,False,False,1,1,1,1,1
5abd7ca05542993062266cab,5abd7ca05542993062266cab::active_set_pack_a,"['A', 'C']","['A', 'C']","['A', 'E']","['A', 'B']","['A', 'E']","['A', 'E']","['A', 'E']",False,False,False,False,False,1,1,1,1,1
5abd7ca05542993062266cab,5abd7ca05542993062266cab::working_set_pack_b,"['A', 'C']","['A', 'C']","['A', 'F']","['A', 'B']","['A', 'E']","['A', 'E']","['A', 'F']",False,False,False,False,False,1,1,1,1,1
5abd7ca05542993062266cab,5abd7ca05542993062266cab::active_set_pack_b,"['A', 'C']","['A', 'C']","['A', 'E']","['A', 'B']","['A', 'E']","['A', 'E']","['A', 'E']",False,False,False,False,False,1,1,1,1,1
5a736bfa5542991f29ee2e03,5a736bfa5542991f29ee2e03::working_set_pack_a,"['A', 'C']","['A', 'C']","['A', 'F']","['A', 'B']","['A', 'D']","['A', 'D']","['A', 'F']",False,False,False,False,False,1,1,1,1,1
5a736bfa5542991f29ee2e03,5a736bfa5542991f29ee2e03::active_set_pack_a,"['A', 'C']","['A', 'C']","['A', 'F']","['A', 'B']","['A', 'D']","['A', 'D']","['A', 'F']",False,False,False,False,False,1,1,1,1,1
5a736bfa5542991f29ee2e03,5a736bfa5542991f29ee2e03::working_set_pack_b,"['A', 'C']","['A', 'C']","['A', 'F']","['A', 'B']","['A', 'D']","['A', 'D']","['A', 'F']",False,False,False,False,False,1,1,1,1,1
5a736bfa5542991f29ee2e03,5a736bfa5542991f29ee2e03::active_set_pack_b,"['A', 'C']","['A', 'C']","['A', 'F']","['A', 'B']","['A', 'D']","['A', 'D']","['A', 'F']",False,False,False,False,False,1,1,1,1,1
5ae3345f55429928c4239682,5ae3345f55429928c4239682::working_set_pack_b,"['A', 'B']","['A', 'B']","['A', 'C']","['A', 'B']","['A', 'C']","['A', 'C']","['A', 'C']",False,True,False,False,False,1,2,1,1,1
5ae3345f55429928c4239682,5ae3345f55429928c4239682::active_set_pack_b,"['A', 'B']","['A', 'B']","['A', 'C']","['A', 'B']","['A', 'C']","['A', 'C']","['A', 'C']",False,True,False,False,False,1,2,1,1,1
5ac52b495542994611c8b3de,5ac52b495542994611c8b3de::active_set_pack_a,"['A', 'C']","['A', 'C']","['A', 'D']","['A', 'B']","['A', 'D']","['A', 'D']","['A', 'D']",False,False,False,False,False,1,1,1,1,1
5ac52b495542994611c8b3de,5ac52b495542994611c8b3de::working_set_pack_b,"['A', 'C']","['A', 'C']","['A', 'D']","['A', 'B']","['A', 'D']","['A', 'D']","['A', 'D']",False,False,False,False,False,1,1,1,1,1
5ac52b495542994611c8b3de,5ac52b495542994611c8b3de::active_set_pack_b,"['A', 'C']","['A', 'C']","['A', 'D']","['A', 'B']","['A', 'D']","['A', 'D']","['A', 'D']",False,False,False,False,False,1,1,1,1,1
5a77251055429966f1a36ca5,5a77251055429966f1a36ca5::working_set_pack_a,"['A', 'F']","['A', 'F']","['A', 'D']","['A', 'B']","['A', 'D']","['A', 'D']","['A', 'D']",False,False,False,False,False,1,1,1,1,1
5a77251055429966f1a36ca5,5a77251055429966f1a36ca5::active_set_pack_a,"['A', 'F']","['A', 'F']","['A', 'D']","['A', 'B']","['A', 'D']","['A', 'D']","['A', 'D']",False,False,False,False,False,1,1,1,1,1
5a77251055429966f1a36ca5,5a77251055429966f1a36ca5::working_set_pack_b,"['A', 'F']","['A', 'F']","['A', 'D']","['A', 'B']","['A', 'D']","['A', 'D']","['A', 'D']",False,False,False,False,False,1,1,1,1,1
5a77251055429966f1a36ca5,5a77251055429966f1a36ca5::active_set_pack_b,"['A', 'F']","['A', 'F']","['A', 'D']","['A', 'B']","['A', 'D']","['A', 'D']","['A', 'D']",False,False,False,False,False,1,1,1,1,1
5ab71f385542993667793f41,5ab71f385542993667793f41::working_set_pack_a,"['A', 'F']","['A', 'F']","['A', 'D']","['A', 'B']","['A', 'D']","['A', 'D']","['A', 'D']",False,False,False,False,False,1,1,1,1,1
5ab71f385542993667793f41,5ab71f385542993667793f41::active_set_pack_a,"['A', 'F']","['A', 'F']","['A', 'D']","['A', 'B']","['A', 'D']","['A', 'D']","['A', 'D']",False,False,False,False,False,1,1,1,1,1
5ab71f385542993667793f41,5ab71f385542993667793f41::working_set_pack_b,"['A', 'F']","['A', 'F']","['A', 'D']","['A', 'B']","['A', 'D']","['A', 'D']","['A', 'D']",False,False,False,False,False,1,1,1,1,1
5ab71f385542993667793f41,5ab71f385542993667793f41::active_set_pack_b,"['A', 'F']","['A', 'F']","['A', 'D']","['A', 'B']","['A', 'D']","['A', 'D']","['A', 'D']",False,False,False,False,False,1,1,1,1,1
5a7d9eb55542990b8f5039cd,5a7d9eb55542990b8f5039cd::working_set_pack_a,"['A', 'B']","['A', 'B']","['A', 'E']","['A', 'B']","['A', 'E']","['A', 'E']","['A', 'E']",False,True,False,False,False,1,2,1,1,1
5a7d9eb55542990b8f5039cd,5a7d9eb55542990b8f5039cd::active_set_pack_a,"['A', 'B']","['A', 'B']","['A', 'E']","['A', 'B']","['A', 'E']","['A', 'E']","['A', 'E']",False,True,False,False,False,1,2,1,1,1
5a7d9eb55542990b8f5039cd,5a7d9eb55542990b8f5039cd::working_set_pack_b,"['A', 'B']","['A', 'B']","['A', 'E']","['A', 'B']","['A', 'E']","['A', 'E']","['A', 'E']",False,True,False,False,False,1,2,1,1,1
5a7d9eb55542990b8f5039cd,5a7d9eb55542990b8f5039cd::active_set_pack_b,"['A', 'B']","['A', 'B']","['A', 'F']","['A', 'B']","['A', 'E']","['A', 'C']","['A', 'F']",False,True,False,False,False,1,2,1,1,1
